Date,平均温度,最高温,最低温,平均降水,最高露点,平均露点,最低露点,最高湿度(%),最低湿度(%),平均相对湿度(%),最高气压,平均气压,最低气压,最高风速,平均风速,最低风速,BSI_厦门手足口病_all,BSI_厦门手足口病_pc,BSI_厦门手足口病_wise,BSI_厦门肝炎_all,BSI_厦门肝炎_pc,BSI_厦门肝炎_wise,BSI_厦门腹泻_all,BSI_厦门腹泻_pc,BSI_厦门腹泻_wise,手足口病,肝炎,其他感染性腹泻,HF1,HF2,HF3,HF4,HF5,HF6,HF7,H1,H2,H3,H4,H5,H6,H7,D1,D2,D3,D4,D5,D6,D7
2011Y01W,11.57,17.78,7.78,1.2,11.11,6.14,-17.78,88,44,72.16,1023.26,1017.78,1012.45,22,8.98,0,409,360,0,360,360,0,409,409,0,22,123,70,3,2,5,4,3,1,4,10,17,28,23,13,6,26,8,17,11,10,14,4,6
2011Y02W,10.32,17.78,5,2.57,12.22,2.56,-17.78,94,28,64.35,1023.26,1016.76,1010.42,22,11.37,0,366,234,0,418,418,0,366,366,0,13,159,62,3,3,0,0,3,1,3,23,39,30,32,21,9,5,12,9,6,8,12,7,8
2011Y03W,12.33,17.78,5,1.29,12.78,7.31,-17.78,94,31,73.1,1024.27,1017.25,1011.43,20,8.41,0,346,354,0,407,407,0,346,346,0,9,126,66,2,1,3,0,1,2,0,22,18,24,18,15,10,19,8,12,8,10,15,5,8
2011Y04W,11.9,17.22,7.22,0.3,11.11,5.85,-17.78,82,48,68.2,1025.28,1021.27,1017.51,20,10.8,0,352,350,0,425,425,0,352,352,0,8,122,40,4,0,1,2,1,0,0,34,26,15,12,16,8,11,5,12,4,4,5,6,4
2011Y05W,12.73,22.22,7.22,0,11.11,5.03,-17.78,94,31,65.52,1025.28,1016.25,1010.42,20,6.73,0,356,175,0,182,182,0,356,356,0,4,41,21,1,1,0,1,1,0,0,14,8,8,1,0,2,8,3,8,2,1,2,3,2
2011Y06W,14.24,22.78,8.89,13.24,13.89,9.19,1.11,100,39,73.21,1019.2,1010.94,1002.31,22,9.22,0,416,293,0,433,433,0,416,416,0,0,105,47,0,0,0,0,0,0,0,7,13,19,13,18,15,20,4,5,12,9,4,6,7
2011Y07W,10.65,16.11,6.11,15.34,12.78,8.11,1.11,100,62,85.6,1021.23,1015.35,1008.39,22,7.48,0,365,271,0,485,485,0,365,365,0,8,103,54,0,2,2,1,1,1,1,16,19,21,21,11,7,8,8,8,6,6,13,8,5
2011Y08W,16.11,23.89,8.89,0,16.11,10.57,2.22,94,39,71.04,1018.19,1013.74,1008.39,18,6.44,0,378,359,0,445,445,0,378,378,0,5,116,52,1,0,1,2,0,1,0,13,14,24,8,29,12,16,8,7,12,7,4,11,3
2011Y09W,14.59,22.78,10,0.21,17.78,8.69,2.22,100,37,69.22,1020.22,1013.95,1007.38,22,9.54,0,348,365,0,378,378,0,348,348,0,7,110,52,1,1,0,1,2,0,2,25,15,14,17,20,9,10,14,3,11,11,8,2,3
2011Y10W,14.75,21.11,8.89,0.34,13.89,7.46,-17.78,94,27,65.86,1020.22,1016.04,1009.41,22,8.95,0,422,298,0,426,426,0,422,422,0,7,116,42,3,0,2,1,0,0,1,17,15,19,19,16,16,14,6,7,11,4,5,6,3
2011Y11W,15.72,27.78,11.11,5.19,18.89,9.11,-17.78,100,21,71.96,1022.24,1014.12,1005.35,25,9.05,0,360,433,0,438,438,0,360,360,0,13,102,58,3,1,0,2,2,0,5,17,7,23,20,14,6,15,9,9,6,5,14,5,10
2011Y12W,14.49,27.78,11.11,1.46,22.22,6.98,-17.78,100,30,67.43,1022.24,1015.4,1005.35,22,14.19,0,436,427,0,440,440,0,436,436,0,13,123,40,0,0,1,2,2,4,4,20,28,18,24,14,7,12,5,14,5,5,4,4,3
2011Y13W,15.52,23.89,10,0.16,13.89,1.35,-17.78,88,16,47.4,1022.24,1017.47,1010.42,20,10.63,0,424,440,0,442,442,0,424,424,0,12,119,44,1,3,3,2,0,1,2,18,13,19,22,25,9,13,12,5,7,6,7,2,5
2011Y14W,17.33,27.22,12.22,0.06,17.22,12.08,1.11,100,36,72.64,1018.19,1013.11,1007.38,20,8.86,0,427,436,0,378,378,0,427,427,0,15,86,51,3,1,0,2,4,3,2,8,6,9,16,22,15,10,5,3,8,5,13,9,8
2011Y15W,20.47,30,16.11,2.74,18.89,13.43,2.22,94,33,65.73,1018.19,1011.7,1001.3,22,7.39,0,374,450,0,439,439,0,374,374,0,29,127,55,9,1,3,1,5,2,8,27,19,15,27,20,11,8,10,13,9,9,5,5,4
2011Y16W,20.52,31.11,16.11,3.43,20,15,8.89,100,42,72.33,1016.5,1008.31,1000.29,20,7.86,0,435,484,0,392,392,0,435,435,0,30,123,43,0,3,8,7,5,2,5,22,18,14,22,27,10,10,8,9,4,9,9,2,2
2011Y17W,22.95,32.78,15,11.19,21.11,14.37,-1.11,94,18,63.01,1011.43,1006.82,999.27,20,6.65,0,427,516,0,396,396,0,427,427,0,48,129,32,8,5,7,5,9,4,10,22,25,29,20,25,6,2,8,7,7,1,7,2,0
2011Y18W,20.42,27.22,16.11,29.53,23.89,19.2,13.89,100,78,92.75,1010.42,1006.4,1004.34,16,5.15,0,433,496,0,435,435,0,433,433,0,60,100,55,2,11,6,10,9,3,19,12,16,21,19,15,8,9,7,10,6,12,8,3,9
2011Y19W,25.92,36.11,20,21.66,26.11,22.46,17.78,100,50,82.63,1009.41,1003.31,997.58,18,6.41,0,420,565,0,382,382,0,420,420,0,99,96,42,9,11,20,14,19,11,15,13,7,21,20,12,11,12,7,8,6,7,6,5,3
2011Y20W,22.4,28.89,17.78,11.07,22.78,18.46,13.89,100,45,79.81,1012.45,1007.74,1002.31,16,6.84,0,419,725,0,455,455,0,419,419,0,192,94,52,24,37,34,27,30,14,26,8,19,17,11,18,8,13,9,11,6,5,7,7,7
2011Y21W,24.33,30,18.89,5.71,23.89,20.69,17.22,100,51,81.21,1007.38,1003.64,1000.29,16,7.87,0,297,752,0,435,435,0,297,297,0,162,118,29,31,18,17,27,25,22,22,19,10,32,17,19,12,9,6,3,7,4,4,2,3
2011Y22W,25.02,32.22,18.89,1.37,23.89,19.37,11.11,100,35,72.46,1009.41,1004.49,999.27,16,7.05,0,303,713,0,454,454,0,303,303,0,175,91,40,21,26,26,40,26,21,15,15,12,27,18,11,5,3,3,4,7,7,11,6,2
2011Y23W,29.38,35,23.89,33.39,26.11,24.31,22.22,94,49,75,1005.35,1001.88,998.6,18,8.52,0,356,670,0,446,446,0,356,356,0,212,122,38,27,27,43,21,38,14,42,15,18,21,28,19,10,11,5,4,6,5,10,2,6
2011Y24W,28.58,32.78,25,3,26.11,24.67,22.22,94,59,80.14,1004.34,1002.09,999.27,25,8.79,2,420,733,0,425,425,0,420,420,0,226,110,43,38,32,46,43,23,22,22,12,25,19,12,18,10,14,6,9,5,8,8,6,1
2011Y25W,29.91,37.22,27.22,19.94,26.11,24.11,21.11,89,42,72.04,1004.34,999.2,991.5,18,7.48,0,436,737,0,448,448,0,436,436,0,232,116,62,41,32,33,27,28,21,50,25,15,24,16,17,8,11,16,12,7,7,12,8,0
2011Y26W,28.68,37.78,25,17.39,26.11,24.61,22.22,94,42,79.57,1006.37,1000.32,989.47,20,7.59,0,360,676,0,373,373,0,360,360,0,201,110,31,32,33,33,34,14,21,34,19,21,21,19,9,5,16,5,3,8,5,4,1,5
2011Y27W,30.21,37.22,26.11,13.43,27.22,24.62,21.11,94,44,72.97,1005.35,1000.65,995.56,16,7.06,0,446,593,0,421,421,0,446,446,0,193,117,45,39,21,30,31,31,9,32,16,21,21,22,19,8,10,7,3,12,7,6,5,5
2011Y28W,28.38,32.78,26.11,50.6,27.22,25.13,22.78,94,59,82.97,1001.3,998.67,995.56,16,7.8,2,452,560,0,426,426,0,452,452,0,129,153,49,26,18,18,23,15,11,18,18,25,36,22,24,13,15,6,15,9,4,7,3,5
2011Y29W,27.91,35,25,8.49,27.22,24.9,23.89,94,56,84.48,1002.31,997.27,991.5,18,7.08,0,430,495,0,433,433,0,430,430,0,103,117,69,30,9,14,14,12,5,19,19,28,14,17,15,10,14,5,16,15,10,9,10,4
2011Y30W,30.24,36.11,27.22,0.6,27.22,24.56,22.22,94,47,72.3,1005.35,1001.57,998.6,16,6.81,0,368,473,0,373,373,0,368,368,0,78,132,54,17,16,12,8,10,8,7,16,20,20,15,23,17,21,10,12,9,7,9,4,3
2011Y31W,29.8,35,25,10.63,27.22,24.35,21.11,94,49,73.41,1002.31,998.51,991.5,20,5.49,0,428,454,0,385,385,0,428,428,0,64,158,53,10,10,11,9,6,10,8,24,24,27,28,23,7,25,9,12,6,8,4,7,7
2011Y32W,29.58,35,26.11,9.43,31.11,25.08,22.22,100,47,77.23,1006.37,1001.52,993.53,18,7.77,0,358,588,0,431,431,0,358,358,0,79,116,81,17,10,12,12,7,13,8,11,20,23,12,21,20,9,12,14,11,10,17,12,5
2011Y33W,30.03,35,25,0.21,26.11,24.19,21.11,94,44,71.54,1007.38,1005.46,1003.33,16,7.25,0,366,514,0,431,431,0,366,366,0,73,105,57,12,10,10,11,9,10,11,16,11,15,23,17,11,12,14,8,10,10,8,5,2
2011Y34W,29.34,35,23.89,11.14,27.22,23.98,21.11,100,49,74.02,1006.37,1001.62,996.57,20,6.47,0,375,433,0,446,446,0,375,375,0,56,120,60,7,11,8,3,11,9,7,18,21,17,11,18,17,18,8,8,12,12,11,5,4
2011Y35W,27.46,35,23.89,81.39,26.11,23.8,21.11,100,49,82.09,1004.34,995.69,988.46,22,8.38,0,424,468,0,311,311,0,424,424,0,47,119,57,7,7,10,11,0,4,8,17,19,23,22,23,5,10,7,5,8,15,8,8,6
2011Y36W,28.35,32.78,25,1.33,26.11,23.41,21.11,100,52,75.82,1008.39,1004.2,1000.29,16,6.01,0,430,485,0,369,369,0,430,430,0,53,120,71,10,10,5,13,5,3,7,20,23,23,27,15,9,3,12,17,12,11,8,5,6
2011Y37W,28.98,33.89,23.89,2.7,23.89,22.68,21.11,94,46,69.7,1008.39,1003.54,998.6,18,8.57,0,421,503,0,450,450,0,421,421,0,65,134,60,19,12,7,12,4,3,8,21,23,25,18,28,7,12,6,17,9,6,7,9,6
2011Y38W,26.1,32.22,22.78,1.89,23.89,19.4,12.22,89,45,66.96,1009.41,1006.38,1001.3,20,10.57,0,428,523,0,412,412,0,428,428,0,78,107,60,15,17,9,10,13,4,10,13,26,17,12,14,22,3,13,10,13,1,11,7,5
2011Y39W,27.35,32.78,22.78,17.56,26.11,21.16,16.11,94,46,69.44,1009.41,1005.21,999.27,25,13.08,0,378,492,0,437,437,0,378,378,0,49,99,69,12,5,6,8,7,4,7,21,13,19,31,11,2,2,12,9,16,13,8,7,4
2011Y40W,24.43,30,20,0.1,21.11,17.31,15,83,45,64.82,1013.46,1010.41,1007.38,27,12.67,4,414,516,0,421,421,0,414,414,0,63,84,46,8,9,10,16,11,5,4,4,6,10,9,19,11,25,9,3,5,3,8,11,7
2011Y41W,25.55,31.11,20,7.89,23.89,20.91,12.78,94,37,76.38,1011.43,1008.43,1003.33,18,7.49,0,356,462,0,437,437,0,356,356,0,35,104,79,7,5,5,2,6,6,4,17,16,12,15,16,23,5,12,13,24,8,12,6,4
2011Y42W,23.64,27.78,20,0,20,15.29,10,83,36,60.72,1015.49,1011.27,1007.38,27,10.04,0,301,535,0,394,394,0,301,301,0,41,102,86,5,3,7,11,3,4,8,11,16,22,23,6,15,9,18,16,8,15,11,8,10
2011Y43W,23.06,30,18.89,0.13,22.22,16.01,11.11,94,47,65.15,1016.5,1012.66,1006.37,22,10.7,0,354,477,0,448,448,0,354,354,0,34,124,93,3,7,6,3,3,4,8,30,11,20,18,18,18,9,15,12,17,14,20,10,5
2011Y44W,25.17,32.22,18.89,1.31,22.78,19.26,12.78,94,45,70.24,1014.47,1010.23,1006.37,18,8.53,0,297,509,0,443,443,0,297,297,0,29,152,96,7,4,1,3,7,4,3,13,32,22,27,29,17,12,11,17,13,13,13,16,13
2011Y45W,20.33,25,17.78,50.97,20,16.72,10,100,56,80.27,1015.49,1009.7,1003.33,20,9.19,0,363,547,0,425,425,0,363,363,0,24,124,75,1,2,4,3,3,6,5,15,15,43,18,12,15,6,16,11,16,9,4,12,7
2011Y46W,22.14,26.11,16.11,32.87,22.78,17.13,8.89,100,39,74.99,1021.23,1012.24,1003.33,25,9.51,0,352,547,0,437,437,0,352,352,0,38,135,88,5,5,5,3,5,7,8,24,24,23,24,17,14,9,13,14,10,28,12,4,7
2011Y47W,19.7,26.11,15,0.04,17.78,13.19,7.78,94,46,66.72,1021.23,1016.59,1009.41,22,9.79,0,359,461,0,448,448,0,359,359,0,48,126,72,8,3,9,1,2,10,15,23,17,19,28,18,11,10,9,8,14,13,14,5,9
2011Y48W,18.61,27.22,8.89,0.19,20,12.29,-17.78,100,28,68.7,1018.19,1012.17,1007.38,20,8.8,0,373,519,0,436,436,0,373,373,0,39,116,75,7,10,1,9,4,2,6,17,27,24,12,11,14,11,15,9,13,16,6,7,9
2011Y49W,17.14,27.78,10,0.54,18.89,11.5,1.11,94,42,70.19,1021.23,1016.4,1009.41,22,10.4,0,415,491,0,446,446,0,415,415,0,40,106,70,7,7,8,3,3,6,6,17,17,24,15,14,10,9,8,12,13,10,10,11,6
2011Y50W,15.68,22.22,10,0,13.89,8.58,-2.22,82,38,63.2,1024.27,1018.04,1013.46,22,10.77,0,301,501,0,384,384,0,301,301,0,44,114,93,5,14,6,3,4,5,7,16,24,22,19,14,10,9,19,6,20,11,18,10,9
2011Y51W,14.13,21.11,8.89,0.47,13.89,5.46,-17.78,88,27,61.96,1024.27,1017.69,1012.45,22,10.55,0,413,489,0,445,445,0,413,413,0,28,103,104,5,4,7,4,0,3,5,18,21,19,15,12,11,7,14,14,18,17,15,12,14
2011Y52W,14.75,20,10,1.2,12.78,9.28,2.22,94,48,69.73,1025,1020.17,1015.49,29,9.13,0,424,482,0,377,377,0,424,424,0,44,129,108,6,5,6,12,4,6,5,20,16,18,27,24,19,5,16,13,24,23,13,11,8
2012Y01W,11.46,20,5.4,8.36,12,8,0,100,51,75.86,1029,1024.57,1019,32,14.57,0,418,454,0,365,365,0,418,418,0,24,76,93,3,6,1,4,1,5,4,4,8,18,18,12,10,6,15,14,17,20,11,9,7
2012Y02W,13.69,18.9,10.3,17.66,16,11.14,5,100,59,82.57,1028,1021.14,1009,32,10.43,0,377,442,0,367,367,0,377,377,0,20,118,65,5,2,1,1,2,6,3,21,25,23,11,17,11,10,11,10,10,7,10,8,9
2012Y03W,12.94,20.8,7.6,4,14,10.71,7,100,59,82.71,1022,1016.29,1010,26,12.43,0,360,417,0,358,358,0,360,360,0,10,90,48,0,3,2,2,2,0,1,20,16,7,24,13,9,1,14,9,7,7,3,5,3
2012Y04W,10.2,18,5.6,3.07,12,8.14,1,94,58,81.57,1024,1020,1014,29,13.14,0,423,295,0,240,240,0,423,423,0,9,37,36,1,0,2,0,3,1,2,2,4,1,5,6,10,9,3,4,6,3,3,3,14
2012Y05W,12.2,20.7,7.5,2.6,14,9,5,94,55,76.29,1027,1021.57,1014,29,12,0,440,361,0,428,428,0,440,440,0,11,92,51,1,2,1,2,3,2,0,14,16,13,19,9,13,8,10,9,9,14,4,2,3
2012Y06W,11.23,21.3,6.1,2.63,18,8.57,-2,100,50,79.43,1025,1019.86,1008,40,13.57,0,358,368,0,376,376,0,358,358,0,9,87,45,0,0,1,1,4,2,1,15,11,9,24,18,2,8,11,9,7,3,6,5,4
2012Y07W,12.6,21.3,7.6,4.97,18,9,0,100,42,76.29,1026,1019.86,1013,29,14.71,0,415,429,0,417,417,0,415,415,0,12,105,42,1,2,0,3,0,1,5,16,22,21,17,19,8,2,7,4,8,5,8,4,6
2012Y08W,13.97,24.1,7.5,9.24,19,12.29,2,100,52,85.14,1024,1014.57,1007,32,10.43,0,423,399,0,366,366,0,423,423,0,26,117,43,5,5,2,4,1,3,6,19,23,13,25,12,13,12,3,10,4,17,5,2,2
2012Y09W,12.7,23.4,6.2,13.96,16,11.57,6,100,64,87.57,1021,1015.57,1011,32,10.43,0,359,403,0,367,367,0,359,359,0,31,116,45,6,2,4,7,2,2,8,17,22,19,24,18,4,12,14,8,5,5,2,2,9
2012Y10W,12.9,25.5,7.5,9.76,22,11,0,100,44,82.57,1024,1014.86,1007,29,13.29,0,424,500,0,436,436,0,424,424,0,33,122,40,11,7,2,1,1,5,6,23,15,23,22,20,10,9,9,8,5,5,8,1,4
2012Y11W,15.91,29.2,8.7,7.66,21,13.29,0,100,44,82.71,1025,1017.71,1010,32,8.57,0,373,463,0,452,452,0,373,373,0,28,122,35,7,3,8,2,2,5,1,26,22,13,25,10,12,14,4,6,3,6,9,6,1
2012Y12W,16.53,28.7,10.1,2.8,23,11.29,1,88,25,68.29,1024,1017,1009,29,15,0,411,489,0,453,453,0,411,411,0,40,117,38,3,4,6,12,5,5,5,16,14,22,20,16,12,17,9,3,6,7,8,1,4
2012Y13W,18.76,27.3,12.4,0.81,19,10.43,-2,94,24,58.57,1024,1020.14,1012,40,11.86,0,415,559,0,433,433,0,415,415,0,76,148,57,10,11,15,8,14,10,8,20,28,24,27,21,18,10,12,8,8,6,13,4,6
2012Y14W,19.53,30,12.9,5.2,19,13.57,5,94,33,66.86,1021,1016.86,1013,32,10.71,0,418,535,0,431,431,0,418,418,0,66,79,51,5,17,11,14,4,7,8,13,7,11,16,20,6,6,5,4,10,9,7,10,6
2012Y15W,21.24,28.8,17.5,7.74,23,19.57,16,100,55,87,1019,1012.29,1006,21,6.86,0,367,517,0,459,459,0,367,367,0,78,130,38,6,15,11,5,7,12,22,20,18,30,29,18,10,5,5,5,9,6,5,5,3
2012Y16W,20.71,29.1,15.6,11.57,22,17.43,6,100,33,77.86,1015,1010.29,1005,29,9,0,411,569,0,472,472,0,411,411,0,123,116,56,14,13,18,22,16,7,33,21,13,16,27,23,12,4,11,6,8,9,9,3,10
2012Y17W,21.43,28.9,16.3,14.91,25,19.57,12,100,50,85.43,1015,1009.71,1004,35,8.71,0,354,588,0,449,449,0,354,354,0,126,114,41,22,26,16,12,17,12,21,20,16,16,23,16,15,8,10,7,3,10,7,2,2
2012Y18W,23.24,30,17,17.4,27,20.86,6,100,20,82.14,1013,1008.14,1003,29,10.71,0,363,627,0,446,446,0,363,363,0,160,149,39,18,27,19,22,14,28,32,11,14,20,35,37,22,10,5,3,5,13,5,4,4
2012Y19W,24.17,33.6,19.2,13.66,26,20.57,12,100,35,75.71,1013,1008.57,1003,29,9.43,0,348,720,0,446,446,0,348,348,0,186,127,39,41,22,31,28,8,30,26,28,30,16,18,15,13,7,14,4,6,4,4,4,3
2012Y20W,23.83,32.4,19.5,14.37,26,21.71,14,100,48,82.43,1013,1008.14,1004,29,9.86,0,230,876,0,377,377,0,230,230,0,181,128,30,25,22,16,21,19,31,47,33,18,26,17,15,9,10,6,6,5,4,4,3,2
2012Y21W,24.01,32.2,20,8.59,25,19.57,12,100,40,71.86,1012,1009,1005,32,13,0,415,922,0,436,436,0,415,415,0,195,140,47,31,32,43,16,21,28,24,25,24,19,22,30,10,10,7,6,2,6,11,5,10
2012Y22W,24.43,30,20.8,5.99,24,20.43,17,100,49,72.57,1014,1008.57,1004,35,13.57,0,297,741,0,428,428,0,297,297,0,156,141,42,22,27,22,20,16,28,21,26,20,16,23,34,12,10,11,5,3,4,12,6,1
2012Y23W,26.96,33.3,23,13.34,27,23,17,100,49,73.43,1007,1003.43,997,29,10.29,0,405,678,0,448,448,0,405,405,0,145,153,36,26,19,19,20,18,15,28,25,33,26,26,17,17,9,9,3,4,7,8,3,2
2012Y24W,25.43,32.3,22.9,31.83,27,23.71,19,100,50,85,1007,1001.57,995,29,10.86,0,302,665,0,442,442,0,302,302,0,141,125,33,25,13,16,17,21,16,33,30,23,21,18,16,11,6,4,2,5,4,5,6,7
2012Y25W,25.96,30.4,22.7,23,26,24.43,21,100,60,85.71,1008,1002.71,994,35,13.29,0,415,580,0,441,441,0,415,415,0,127,134,30,25,17,18,14,13,20,20,19,23,24,39,13,6,10,4,7,7,7,2,2,1
2012Y26W,27.67,34.5,24.5,1.64,26,24.43,21,100,50,78.57,1012,1006.29,1001,32,10.57,0,245,607,0,432,432,0,245,245,0,134,152,57,20,15,29,19,17,18,16,28,25,30,26,26,12,5,13,8,7,10,5,2,12
2012Y27W,28.61,34.7,25,0.9,27,24,21,95,35,71.71,1010,1006.57,1003,26,10.29,0,296,579,0,365,365,0,296,296,0,80,144,66,16,13,6,16,9,11,9,17,40,17,22,26,11,11,14,13,4,17,8,6,4
2012Y28W,29.71,36.9,26.4,0.6,26,24.43,22,89,38,68.57,1009,1004.86,1002,29,13,0,316,516,0,445,445,0,316,316,0,56,130,66,6,8,14,7,8,6,7,24,18,24,26,16,18,4,16,3,8,14,10,7,8
2012Y29W,28.4,34.5,22.5,13.3,27,25,22,100,49,75.29,1009,1004.71,1000,29,9.14,0,413,493,0,373,373,0,413,413,0,56,164,58,9,3,12,9,4,7,12,34,26,35,20,23,20,6,7,8,12,8,12,7,4
2012Y30W,27.87,35,23.8,18.37,26,24.29,21,100,40,77.57,1010,1005.14,1001,29,9.57,0,425,496,0,368,368,0,425,425,0,53,166,64,9,7,6,18,2,4,7,18,31,37,29,24,15,12,12,7,7,12,11,3,12
2012Y31W,28.54,35.8,25,28.89,26,23,19,95,33,68.57,1005,997.86,993,32,10.71,0,356,440,0,435,435,0,356,356,0,52,170,82,3,13,9,13,3,6,5,22,30,33,27,28,12,18,15,21,11,11,13,6,5
2012Y32W,28.81,37.3,24.3,13.2,27,24.71,21,100,30,74,1007,1001,995,26,8.29,0,367,454,0,382,382,0,367,367,0,34,164,71,4,4,5,0,4,4,13,27,30,37,23,29,7,11,13,13,8,13,12,7,5
2012Y33W,28.21,34.6,24.6,16.63,27,24.86,22,100,45,77.86,1012,1006,1001,32,8,0,374,455,0,420,420,0,374,374,0,41,139,98,10,7,3,6,9,3,3,21,17,34,26,16,12,13,18,18,17,16,14,6,9
2012Y34W,28.63,35.3,24.2,12.7,26,23.57,21,94,44,69.29,1008,1004.57,1001,50,15,0,384,415,0,372,372,0,384,384,0,35,148,81,7,4,5,6,3,2,8,31,20,23,34,25,10,5,19,18,7,15,11,5,6
2012Y35W,28.14,36.6,24.3,13.6,26,24,21,94,31,77.29,1011,1006.29,998,26,7.43,0,358,446,0,449,449,0,358,358,0,51,172,73,5,4,8,15,6,5,8,26,32,38,32,21,10,13,11,13,11,7,19,4,8
2012Y36W,28.14,34.4,24.2,12.21,27,24.43,22,100,45,77.43,1016,1011.86,1008,26,8.14,0,352,465,0,443,443,0,352,352,0,85,153,98,10,11,11,7,15,15,16,30,22,43,22,19,12,5,16,21,18,13,10,7,13
2012Y37W,26.87,32.9,21.1,8.11,27,22.43,16,100,30,73.29,1013,1009.86,1005,26,8.57,0,356,492,0,428,428,0,356,356,0,115,151,65,13,16,13,11,14,25,23,26,17,31,28,27,12,10,12,9,12,8,13,6,5
2012Y38W,25.31,31.8,21.8,15.34,26,20.29,13,100,29,70.57,1015,1010.86,1006,26,9.14,0,300,525,0,358,358,0,300,300,0,113,155,43,26,30,6,10,12,12,17,20,23,36,16,33,16,11,8,7,10,4,4,6,4
2012Y39W,25.44,32.9,21,0.17,23,17.43,12,94,26,58,1017,1010.86,1005,35,17.86,0,354,513,0,411,411,0,354,354,0,104,128,63,13,20,16,19,16,10,10,23,23,20,26,19,13,4,12,6,12,11,7,9,6
2012Y40W,23.56,28.7,19.6,0,20,15,10,88,30,56.57,1019,1014.29,1009,29,15.14,0,418,459,0,356,356,0,418,418,0,75,47,32,9,14,14,11,8,4,15,3,7,7,2,8,14,6,3,6,4,3,6,4,6
2012Y41W,23.21,29.6,18.7,0,18,14,9,83,26,54.29,1018,1013.57,1010,35,15.29,0,300,488,0,367,367,0,300,300,0,36,129,93,5,5,5,6,5,4,6,15,26,23,18,21,17,9,16,10,14,16,20,10,7
2012Y42W,22.41,29.4,17,0.47,20,15.14,6,88,16,61.57,1022,1016.86,1011,29,11.43,0,372,393,0,311,311,0,372,372,0,40,147,125,6,7,2,9,7,7,2,27,35,21,23,14,18,9,20,18,18,23,20,7,19
2012Y43W,23.86,30.4,19,0.04,24,18.57,11,100,37,69.29,1019,1016.14,1013,35,9.43,0,354,453,0,384,384,0,354,354,0,47,150,167,6,6,2,6,5,8,14,39,24,25,21,21,9,11,23,29,20,21,21,29,24
2012Y44W,20.9,27.7,14.9,7.33,20,16,8,100,37,69.86,1021,1016.14,1013,29,12,0,436,449,0,360,360,0,436,436,0,52,144,141,5,5,10,8,4,9,11,33,27,21,16,24,14,9,23,23,31,15,27,8,14
2012Y45W,21.07,27.6,17.4,5.27,23,15.57,3,100,18,68.71,1021,1016.14,1011,29,11.14,0,360,445,0,431,431,0,360,360,0,49,162,141,4,7,9,10,10,6,3,24,26,27,29,30,15,11,30,24,18,22,17,14,16
2012Y46W,19.51,25.8,16.2,0.6,19,14.57,9,94,34,69.14,1023,1018.43,1014,29,12.71,0,369,436,0,447,447,0,369,369,0,59,175,145,7,7,12,13,5,5,10,28,28,40,23,31,18,7,42,20,23,18,19,10,13
2012Y47W,18.54,24,13.9,11.66,22,15.86,6,100,33,80,1022,1016.57,1010,32,9.86,0,366,453,0,430,430,0,366,366,0,43,171,128,8,7,7,6,4,5,6,23,31,26,36,32,15,8,20,24,27,16,13,13,15
2012Y48W,16,20.6,13,26.4,20,15.14,7,100,54,89.71,1023,1016.86,1012,35,11.14,0,420,447,0,414,414,0,420,420,0,67,120,130,6,19,9,11,5,6,11,24,19,20,21,14,10,12,25,17,18,22,16,19,13
2012Y49W,15.27,21.5,12.3,8.27,15,10.43,4,100,34,68.43,1023,1019.14,1016,35,13.57,0,354,470,0,440,440,0,354,354,0,68,140,98,6,9,10,15,10,7,11,23,25,28,13,20,21,10,18,21,13,13,19,7,7
2012Y50W,16.97,25.9,11,0.9,20,13,4,100,40,74.43,1025,1019.43,1013,29,12,0,418,394,0,365,365,0,418,418,0,57,154,121,5,13,4,8,5,11,11,23,25,38,16,26,17,9,22,16,21,13,19,11,19
2012Y51W,14.33,24.3,8.8,5.27,18,11.29,1,100,45,77.14,1029,1021.29,1014,29,14.29,0,358,493,0,352,352,0,358,358,0,76,125,162,9,9,20,15,7,8,8,22,24,20,24,16,10,9,10,17,15,78,26,4,12
2012Y52W,14.47,21.9,7,9.43,17,10,-5,100,27,71.71,1028,1020.57,1013,35,12.86,0,352,470,0,297,297,0,352,352,0,87,114,86,13,12,14,17,13,6,12,17,17,22,15,24,12,7,13,24,13,12,10,7,7
2013Y01W,11.64,20.6,3.8,0.39,13,6.29,-8,88,19,65.43,1029,1022.29,1017,35,13.57,0,301,422,0,346,346,0,301,301,0,50,120,70,2,8,10,8,5,10,7,22,8,9,9,17,30,25,13,8,4,13,7,12,13
2013Y02W,13.53,21.7,9.8,0.47,14,9.71,2,100,43,74,1025,1020,1012,29,10.86,0,376,438,0,352,352,0,376,376,0,42,160,93,10,9,6,6,3,4,4,29,20,26,23,29,23,10,19,18,21,8,8,10,9
2013Y03W,12.33,22.4,6.8,0,13,6.14,-6,94,20,63.29,1032,1024.43,1018,35,12.43,0,365,438,0,236,236,0,365,365,0,33,149,76,8,3,7,4,3,1,7,29,30,25,17,25,11,12,17,13,12,10,14,6,4
2013Y04W,14.84,22,10.3,0.3,17,9.86,-1,94,25,68,1027,1020.86,1016,35,11.71,0,426,379,0,301,301,0,426,426,0,32,120,73,7,5,4,2,5,4,5,26,19,21,21,18,6,9,16,10,8,14,12,4,9
2013Y05W,15.71,27.4,8.9,0.99,15,10.14,2,94,31,67,1027,1022.43,1018,32,9.14,0,354,372,0,293,293,0,354,354,0,38,107,71,7,4,12,8,4,1,2,19,16,14,20,19,9,10,15,13,13,7,7,6,10
2013Y06W,13.77,23.9,7.7,11.31,20,11.71,3,100,49,82.43,1026,1020.29,1015,35,12.57,0,354,177,0,173,173,0,354,354,0,15,107,48,3,4,2,1,1,2,2,16,26,17,24,0,18,6,9,11,10,7,5,0,6
2013Y07W,14.41,22.2,9.8,0.8,16,11,6,100,41,74.71,1025,1019.86,1013,29,11.57,0,300,177,0,295,295,0,300,300,0,13,62,52,2,1,3,0,2,2,3,4,1,5,12,7,17,16,5,7,4,7,5,15,9
2013Y08W,15.19,24.6,8.8,1.04,20,10.43,2,100,34,69.86,1028,1020.86,1011,32,14.57,0,247,419,0,300,300,0,247,247,0,24,166,69,5,2,3,4,1,5,4,26,33,22,33,24,12,16,17,7,10,7,17,6,5
2013Y09W,15.9,25.8,8.8,3.6,20,12.86,4,100,46,78.43,1027,1018.71,1012,40,10.86,0,304,415,0,418,418,0,304,304,0,14,146,47,1,3,1,5,1,2,1,30,23,23,28,22,15,5,8,3,9,9,5,3,10
2013Y10W,17.41,28.5,9.1,0,17,9.14,-7,100,9,59.71,1027,1019.57,1012,32,7.86,0,303,370,0,415,415,0,303,303,0,52,168,59,6,15,8,6,8,4,5,27,45,32,20,19,16,9,10,7,16,11,8,4,3
2013Y11W,16.6,28.5,9.5,1.76,19,11.57,2,94,32,67.86,1026,1018.29,1009,29,12,0,420,422,0,362,362,0,420,420,0,46,192,59,4,11,5,8,4,8,6,53,33,25,21,29,20,11,9,14,4,6,13,7,6
2013Y12W,20.13,30.8,13.8,4.94,21,17,9,100,40,81.71,1020,1011.86,1007,35,10,0,293,443,0,362,362,0,293,293,0,42,183,107,2,5,6,8,8,4,9,33,40,32,29,23,15,11,13,15,10,4,31,26,8
2013Y13W,15.77,21.2,12.5,10.73,17,13.43,7,100,43,82,1019,1015.14,1011,35,11.57,0,363,454,0,421,421,0,363,363,0,81,165,47,14,15,9,20,7,6,10,21,31,27,28,32,14,12,10,11,5,5,6,5,5
2013Y14W,17.11,24.7,12,24.49,21,14,1,100,21,77.71,1019,1011.71,1001,32,10.43,0,359,445,0,429,429,0,359,359,0,69,178,46,12,11,12,7,14,7,6,30,43,25,17,16,21,26,7,6,10,7,4,1,11
2013Y15W,16.7,24.3,11.9,0.34,18,11.71,4,100,28,69.43,1023,1017.29,1010,26,9,0,296,461,0,370,370,0,296,296,0,73,213,50,16,10,11,5,8,11,12,54,42,37,36,22,10,12,9,8,8,12,6,3,4
2013Y16W,20.19,30.1,14.2,10.03,24,18,7,100,30,83.14,1020,1011,1005,32,9.57,0,360,452,0,300,300,0,360,360,0,58,149,55,5,8,11,5,12,7,10,22,30,21,19,22,18,17,14,9,4,7,9,3,9
2013Y17W,20.47,29,13.4,4.16,22,17,9,100,44,77,1021,1014.43,1009,29,8.14,0,417,693,0,365,365,0,417,417,0,107,169,47,20,23,11,14,13,8,18,31,29,23,17,27,17,25,6,12,6,5,11,5,2
2013Y18W,21.04,27.5,14.8,14.74,24,14.57,-2,100,12,65.71,1017,1012.86,1006,35,12.71,0,350,571,0,420,420,0,350,350,0,110,106,28,9,11,13,20,15,20,22,21,8,8,19,25,11,14,4,1,3,7,3,3,7
2013Y19W,22.86,31,19.3,12.01,24,21.29,17,100,54,84.86,1016,1010.43,1003,26,6.71,0,291,547,0,370,370,0,291,291,0,111,166,35,23,12,12,12,11,12,29,24,33,35,23,23,12,16,5,9,6,4,2,4,5
2013Y20W,24.6,31.3,20.1,24.41,27,23.43,19,100,48,89.29,1010,1006.71,1003,26,7.29,0,358,639,0,426,426,0,358,358,0,173,185,44,19,28,29,26,16,16,39,29,30,41,42,23,12,8,5,6,8,9,11,4,1
2013Y21W,24.59,30.3,21.5,23.66,26,23,20,100,57,87,1013,1008.29,1002,21,9.14,0,230,732,0,422,422,0,230,230,0,238,154,48,29,28,38,34,32,30,47,31,27,35,27,18,6,10,9,3,6,9,10,7,4
2013Y22W,27.86,35,23.8,6.5,27,25.29,22,100,49,80.14,1012,1007.71,1001,26,8.43,0,348,777,0,426,426,0,348,348,0,332,158,59,46,58,45,43,36,54,50,25,43,17,28,19,17,9,13,9,7,10,9,6,5
2013Y23W,25.89,33.3,21.9,35.37,27,23.71,21,100,51,83.14,1014,1007.43,999,21,10.57,0,295,909,0,369,369,0,295,295,0,319,181,63,42,62,52,41,37,40,45,33,32,23,27,25,23,18,9,13,4,10,9,12,6
2013Y24W,24.84,31.9,21.4,40.54,27,23.86,20,100,60,89.14,1010,1006.43,1001,29,11.14,0,358,804,0,412,412,0,358,358,0,223,137,37,23,27,43,37,29,26,38,26,22,9,34,31,8,7,10,2,5,7,7,2,4
2013Y25W,28.07,33.8,24.1,14.54,27,24.86,18,100,42,77.86,1009,1004.43,999,32,8.57,0,300,831,0,441,441,0,300,300,0,219,137,56,30,41,22,41,37,17,31,32,20,24,32,15,9,5,10,12,7,5,7,8,7
2013Y26W,27.91,33.5,24,8.17,27,25.43,21,100,49,80.71,1011,1006.71,1003,35,12.71,0,295,867,0,430,430,0,295,295,0,278,170,60,43,45,45,36,36,33,40,41,24,25,31,26,15,8,12,11,7,4,11,5,10
2013Y27W,28.61,34.3,25.3,4.37,27,24.86,22,100,53,75,1013,1008.57,1005,29,12.43,0,840,906,1002,875,421,454,840,372,468,282,147,63,38,35,40,56,29,48,36,11,44,25,40,16,5,6,11,12,9,5,12,6,8
2013Y28W,27.79,34.2,22.9,65.47,27,23.71,21,100,43,74.86,1013,1006,994,43,10.71,0,717,746,862,861,423,438,717,296,421,191,150,65,25,34,37,27,22,15,31,34,24,24,34,18,7,9,14,9,9,17,9,1,6
2013Y29W,25.7,31.3,21.6,92.71,26,24.14,21,100,56,87.86,1011,1008.29,1005,32,7.29,0,860,652,756,886,429,457,860,438,422,166,149,61,32,31,23,15,18,24,23,32,39,20,21,20,7,10,8,12,14,9,13,3,2
2013Y30W,27.67,33.4,24.7,2.01,27,24.71,22,100,42,80,1012,1008.71,1006,26,7.29,0,828,627,690,890,444,446,828,407,421,151,157,69,24,20,19,19,22,26,21,37,28,27,23,22,11,9,18,8,10,11,10,8,4
2013Y31W,28.27,34.7,23.5,28.89,27,24.57,21,100,39,75.14,1015,1008.43,1002,26,9.43,0,912,599,644,906,441,465,912,444,468,102,160,86,16,15,16,16,10,9,20,33,36,25,24,17,12,13,14,11,11,16,13,11,10
2013Y32W,29.4,35.5,24.1,1.11,28,25,21,100,40,72.43,1012,1009,1006,26,8.43,0,775,513,623,822,370,452,775,360,415,94,138,78,10,20,11,10,11,17,15,36,23,25,19,15,12,8,14,14,10,14,8,6,12
2013Y33W,27.36,34,23.8,19.93,27,25.29,22,100,47,82.86,1010,1005.14,1001,26,8.86,0,666,502,649,807,357,450,666,238,428,68,142,95,11,8,20,7,10,5,7,33,19,21,38,11,8,12,15,17,6,20,11,14,12
2013Y34W,27.81,34.2,24.9,53.27,28,25.86,23,100,47,82.71,1010,1000.29,986,29,11.29,0,872,534,601,877,430,447,872,438,434,67,147,78,6,13,7,12,9,10,10,24,31,18,24,24,12,14,8,11,11,18,10,9,11
2013Y35W,27.04,33.9,22.4,51.9,28,25,22,100,50,83.29,1013,1005.71,1000,21,8.57,0,838,494,558,901,445,456,838,415,423,88,126,73,15,8,12,20,10,14,9,27,25,22,14,22,11,5,13,10,10,12,9,10,9
2013Y36W,26.01,31.9,21.6,2.79,25,22,16,100,46,73.57,1016,1012.29,1008,26,10.71,0,715,513,589,890,431,459,715,350,365,66,146,55,12,10,5,5,9,13,12,34,22,23,19,26,16,6,10,11,7,7,7,10,3
2013Y37W,27.64,32.7,23.3,6.99,26,24.14,21,100,40,77.71,1015,1010.14,1004,40,9.43,0,680,510,675,920,452,468,680,360,320,88,152,62,8,17,15,8,9,18,13,27,34,30,27,17,10,7,13,4,9,11,10,6,9
2013Y38W,27.69,32.3,23.8,42.66,26,20.57,16,100,33,61.29,1011,1005.43,994,58,25.43,0,792,619,636,893,430,463,792,366,426,95,123,42,11,13,18,14,13,10,16,21,30,26,8,7,16,15,9,6,4,3,7,3,10
2013Y39W,26.11,31.4,21.9,9.93,27,21.43,15,94,43,70.86,1016,1010,1002,32,15,0,650,551,566,864,434,430,650,293,357,88,140,96,16,7,17,14,8,16,10,21,24,16,31,19,14,15,5,14,19,15,32,5,6
2013Y40W,25.21,33.8,19.7,0.04,23,18,11,89,28,61,1015,1011.29,1002,29,13.57,0,663,499,660,723,354,369,663,234,429,69,78,58,11,5,5,19,8,12,9,34,7,7,8,5,9,8,12,10,4,5,8,9,10
2013Y41W,26.03,33.7,22.2,3.31,25,19.14,7,94,19,63,1015,1010.29,1000,35,15.29,0,778,512,644,911,440,471,778,361,417,43,176,106,6,3,5,10,5,6,8,30,40,20,31,28,16,11,15,14,20,15,24,11,7
2013Y42W,23.17,29.2,18,0.16,21,15.86,10,83,29,59.14,1023,1017.43,1011,32,15.71,0,599,476,538,894,421,473,599,228,371,39,155,119,4,5,7,4,7,4,8,30,30,20,26,26,16,7,12,20,16,24,22,14,11
2013Y43W,20.87,26.8,16,0,17,12,4,94,17,53.86,1022,1016.29,1010,29,14.14,0,727,453,516,826,379,447,727,299,428,29,145,143,5,5,2,1,8,5,3,26,33,16,22,28,12,8,17,24,17,26,21,15,23
2013Y44W,22.04,27.4,14.9,5.09,23,16.43,10,100,32,68,1022,1017.43,1013,29,11.86,0,824,373,483,814,361,453,824,415,409,19,162,252,4,2,2,2,1,4,4,34,31,27,22,18,17,13,31,39,44,54,24,23,37
2013Y45W,22.1,30.1,18.5,0.59,23,17.71,12,100,39,73.57,1023,1018.57,1014,32,11.86,0,725,464,499,754,424,330,725,307,418,29,182,260,5,1,5,1,6,6,5,43,46,20,26,23,9,15,50,36,37,39,39,34,25
2013Y46W,19.56,25.4,16.3,2.47,21,15,5,100,22,72,1022,1018.14,1015,35,13.14,0,609,459,497,824,365,459,609,299,310,20,162,195,3,3,5,1,3,3,2,22,46,29,24,21,10,10,36,38,31,28,30,14,18
2013Y47W,18.44,25.2,14,2.53,21,11.43,5,100,28,60.29,1025,1020,1011,29,11.86,0,536,462,497,883,432,451,536,301,235,26,181,195,5,7,2,2,4,4,2,35,39,40,21,25,14,7,27,30,26,35,29,23,25
2013Y48W,15.31,23.1,8.1,0.21,20,6.57,-10,100,12,53.43,1028,1021.29,1013,32,11.86,0,766,316,492,878,430,448,766,352,414,31,133,198,3,7,5,4,3,6,3,26,28,21,18,19,12,9,35,39,32,29,20,19,24
2013Y49W,16.84,23.4,10.5,2.54,18,10.29,3,100,25,62.71,1024,1018.57,1013,26,9.57,0,584,461,449,881,415,466,584,293,291,28,174,233,3,8,7,0,1,5,4,45,41,32,23,17,10,6,29,40,30,33,40,30,31
2013Y50W,15.7,25.3,12.3,21.89,18,10.86,1,100,31,68.57,1024,1018.57,1011,32,13.71,0,864,454,480,789,367,422,864,432,432,32,145,242,6,10,4,2,2,4,4,32,33,22,25,22,7,4,51,53,32,46,19,28,13
2013Y51W,11.33,16,6.7,14.01,15,6,-6,100,20,66.71,1028,1021.43,1013,29,13.86,0,772,328,469,759,311,448,772,355,417,18,125,136,1,4,3,2,0,5,3,20,25,19,15,23,13,10,22,16,24,34,11,11,18
2013Y52W,11.67,17.7,5.6,0.39,9,3.43,-4,72,20,52.86,1027,1023,1017,29,13.43,0,710,450,462,802,422,380,710,296,414,35,159,149,4,9,11,2,2,6,1,32,26,25,31,17,19,9,21,18,12,30,30,15,23
2014Y01W,13.89,23.6,6.1,0.04,15,7.29,-2,100,24,62.57,1025,1019.14,1012,29,6.71,0,922,445,508,752,289,463,922,413,509,35,122,129,2,6,3,1,8,4,11,23,19,10,37,20,9,4,23,14,21,20,20,16,15
2014Y02W,13.97,21.9,8.7,1.37,16,9.14,-1,100,33,68,1029,1022.43,1015,29,11.71,0,726,438,483,618,177,441,726,354,372,34,151,100,8,4,5,4,6,6,1,33,26,24,20,20,16,12,25,16,16,13,7,11,12
2014Y03W,11.53,18.9,6.4,0,9,4.57,-5,93,24,58.57,1031,1025.57,1021,35,15.43,0,657,438,500,859,419,440,657,300,357,27,131,86,2,5,3,5,4,2,6,30,33,22,16,15,11,4,17,11,14,8,19,10,7
2014Y04W,11.91,21.7,4.3,0.34,13,5.14,-4,100,22,59.14,1029,1023,1016,35,11.14,0,827,450,451,678,234,444,827,411,416,18,110,63,3,4,3,2,3,1,2,31,15,9,18,15,16,6,8,8,18,7,8,10,4
2014Y05W,16.41,26.1,10.3,0,16,11,2,100,32,71.29,1025,1018.29,1007,26,7.14,0,785,305,441,722,295,427,785,350,435,22,55,69,8,2,3,2,2,2,3,13,20,10,6,3,2,1,13,12,11,8,11,6,8
2014Y06W,13.34,26.2,7.7,20.79,17,11.86,6,100,34,88.43,1020,1014,1008,35,13.29,0,746,245,456,809,350,459,746,306,440,13,69,45,2,1,2,1,2,1,4,3,4,7,13,20,11,11,7,5,2,8,14,4,5
2014Y07W,9.06,15.3,5.3,1.5,13,6.43,1,100,45,76.86,1025,1020.86,1018,32,12.29,0,882,414,463,869,410,459,882,434,448,20,172,33,7,3,6,1,2,1,0,49,28,27,29,17,13,9,10,3,4,4,6,3,3
2014Y08W,12.09,20.7,6.1,8.66,20,8.29,-2,100,34,74.71,1030,1023,1014,29,11.57,0,850,430,465,807,363,444,850,411,439,24,150,39,1,1,5,2,4,6,5,24,29,25,21,24,12,15,9,5,3,10,4,3,5
2014Y09W,15.56,21.6,10.7,3.14,19,13.29,3,100,45,82.29,1024,1019,1012,29,9,0,881,441,519,893,422,471,881,416,465,27,130,53,4,5,3,2,4,7,2,27,31,21,18,15,8,10,15,6,9,10,5,6,2
2014Y10W,11.67,18.5,8.2,5.43,14,8.29,2,100,42,74.29,1026,1021.29,1016,40,13.43,0,862,457,558,876,413,463,862,423,439,67,140,41,9,9,8,5,8,10,18,28,29,25,18,17,9,14,8,9,5,4,10,3,2
2014Y11W,13.31,22.5,9.5,3.77,17,9.86,-1,100,29,75.71,1026,1021.29,1012,29,10.14,0,805,494,608,881,417,464,805,359,446,78,158,30,12,11,5,9,8,11,22,31,32,14,24,19,14,24,7,1,8,6,1,1,6
2014Y12W,17.26,27.3,10.2,3,21,12.14,-4,100,17,71.29,1025,1019.14,1010,40,11.86,0,786,1004,1050,847,362,485,786,352,434,117,145,26,12,14,12,10,16,24,29,18,39,30,21,17,15,5,6,5,4,4,3,4,0
2014Y13W,20.66,30,13.9,10.34,23,17,11,100,39,77.71,1023,1014.14,1006,26,7.71,0,801,690,1008,896,430,466,801,429,372,174,137,31,21,24,19,16,29,30,35,28,26,19,18,15,13,18,6,7,7,1,3,0,7
2014Y14W,17.09,23.5,13.6,12.79,17,13.86,9,100,35,78.14,1022,1015.14,1009,32,9.71,0,800,647,1056,791,305,486,800,357,443,190,136,29,24,31,25,23,24,22,41,21,25,19,32,18,14,7,5,7,3,4,3,6,1
2014Y15W,20.01,31.1,12.7,2.99,23,16.71,7,100,35,79.29,1021,1014.71,1008,29,8.71,0,873,702,1188,827,352,475,873,428,445,248,131,14,47,33,36,21,31,36,44,20,32,19,20,18,14,8,1,0,1,7,1,2,2
2014Y16W,21.59,28.9,16.5,0.24,22,16.71,7,100,28,70.43,1020,1013.43,1009,32,11.71,0,858,737,1251,880,422,458,858,427,431,254,138,25,23,45,49,32,24,53,28,14,28,30,20,22,14,10,8,1,5,5,3,2,1
2014Y17W,20.51,29.6,16,6.56,24,18.29,12,100,54,81.71,1017,1013.43,1010,29,8.57,0,721,819,1242,901,438,463,721,296,425,279,141,27,31,56,45,40,47,30,30,30,27,13,34,17,11,9,7,6,5,5,1,0,3
2014Y18W,20.89,27.5,16.3,11.61,21,17.43,14,100,45,77.57,1018,1014.43,1011,32,9.14,0,769,921,1421,941,428,513,769,413,356,258,115,37,50,29,29,39,47,42,22,40,32,12,6,5,7,13,7,6,9,5,2,4,4
2014Y19W,19.4,27.7,12,21.4,25,17.57,0,100,18,84.86,1021,1013.57,1007,40,9,0,781,830,1469,923,455,468,781,421,360,235,155,36,21,44,33,28,41,36,32,33,25,28,29,21,12,7,2,5,10,6,4,4,5
2014Y20W,23.67,30.7,20.1,24.81,26,23,18,100,66,92.71,1012,1008.14,1002,29,8,0,842,942,1490,870,421,449,842,431,411,329,123,42,38,48,45,33,44,61,60,32,26,18,20,5,14,8,7,8,7,7,5,4,4
2014Y21W,23.4,31.8,19.9,38.56,27,23.14,19,100,55,93.71,1014,1009.29,1004,26,8.14,0,799,1017,1798,747,303,444,799,360,439,398,138,35,63,40,56,49,72,60,58,25,29,18,28,19,10,9,4,6,7,6,3,4,5
2014Y22W,25.5,31.4,21.8,25.46,27,24.43,22,100,66,91.71,1011,1007.71,1004,21,7.71,0,608,1117,1740,711,300,411,608,234,374,380,130,41,51,72,39,51,53,56,58,45,16,21,22,14,5,7,9,4,2,11,9,0,6
2014Y23W,25.84,33.4,23.5,44.99,28,25.29,21,100,63,90.43,1006,1003.14,1000,26,8.29,0,831,969,1788,833,419,414,831,407,424,389,128,54,57,66,57,45,53,55,56,14,23,24,19,29,9,10,6,13,9,9,14,3,0
2014Y24W,26.04,31.8,22.4,34.43,26,19.71,12,100,24,65.71,1007,1003.29,1000,32,15.86,0,784,1023,1821,841,420,421,784,364,420,279,130,44,57,54,39,25,29,30,45,29,16,18,17,24,16,10,10,7,6,8,6,5,2
2014Y25W,26.81,32.4,24,24.99,28,26.14,24,100,63,89.86,1007,1004.14,1000,35,10.86,0,795,812,1274,670,352,318,795,354,441,180,150,27,33,25,28,11,33,24,26,30,30,15,25,29,10,11,2,4,4,10,5,2,0
2014Y26W,27.44,32.5,24.2,5.91,28,26.29,23,100,59,88.43,1009,1005.71,1002,26,9.57,0,747,765,1174,804,373,431,747,297,450,173,112,40,26,25,25,22,33,17,25,23,21,16,14,24,7,7,8,5,5,5,7,8,2
2014Y27W,29.21,34.9,26,2.9,29,26.43,22,100,47,79.29,1011,1005.57,1001,26,8.57,0,789,731,1060,728,303,425,789,363,426,137,139,28,20,27,23,13,23,19,12,35,18,18,24,18,11,15,3,7,3,3,5,4,3
2014Y28W,29.91,36.1,25.7,7.09,28,26.43,23,94,49,74.71,1009,1003.71,996,29,11,0,804,562,812,707,297,410,804,359,445,52,138,42,6,14,7,6,5,5,9,22,28,19,20,14,20,15,13,6,4,2,5,3,9
2014Y29W,29.81,36,26.5,11.27,28,25.71,22,94,43,73.71,1011,1008.29,1005,26,9.71,0,669,529,798,761,358,403,669,236,433,60,117,42,12,12,3,9,11,6,7,20,26,18,16,19,12,6,7,8,4,7,4,4,8
2014Y30W,28.56,36.1,23.9,49.07,27,24.43,20,100,34,74.57,1012,1003.43,990,35,14.29,0,692,494,681,821,359,462,692,234,458,34,141,49,10,6,4,4,3,5,2,31,23,23,26,13,11,14,9,5,6,12,6,5,6
2014Y31W,29.69,36.6,24.6,4.63,28,24.86,21,100,35,71.57,1008,1002.14,995,32,8.57,0,674,488,610,888,420,468,674,234,440,30,117,68,5,7,5,3,2,4,4,23,19,17,18,27,6,7,10,9,9,12,8,8,12
2014Y32W,29.27,35.1,26.3,22.09,29,26.43,24,100,56,79.43,1006,1003,1000,18,6.57,0,748,439,533,893,352,541,748,289,459,19,154,71,2,2,5,2,0,4,4,31,26,23,24,29,14,7,13,13,8,10,12,4,11
2014Y33W,28.66,34.2,24.8,18.59,29,26.43,23,100,51,83.57,1011,1004.86,1000,32,7.86,0,831,449,572,855,357,498,831,346,485,47,149,61,7,8,5,1,4,10,12,33,32,20,18,15,8,23,11,12,6,6,5,6,15
2014Y34W,27.44,33.4,23.8,17.01,27,25,19,100,43,80.14,1012,1009.14,1005,29,9.71,0,814,461,680,937,430,507,814,363,451,51,148,72,9,8,5,3,10,7,9,38,30,19,18,17,12,14,9,14,13,8,9,7,12
2014Y35W,28.83,33.6,25.6,3.13,27,24.86,20,100,44,74.71,1014,1011.43,1007,21,6.86,0,759,455,711,924,431,493,759,300,459,71,120,70,10,5,13,9,15,7,12,25,21,11,22,19,13,9,9,13,10,12,8,10,8
2014Y36W,28.97,35.6,22.6,2.31,28,24.14,22,100,44,72.86,1012,1008.57,1005,29,9.29,0,772,497,883,862,303,559,772,356,416,85,110,85,6,7,12,10,18,12,20,30,23,15,18,12,9,3,13,13,8,21,13,11,6
2014Y37W,28.97,34.1,26.2,2.47,27,25.57,22,94,48,76.14,1011,1007.57,1004,35,8.86,0,853,585,1023,832,304,528,853,371,482,154,102,53,15,27,17,19,25,24,27,8,26,12,21,15,14,6,7,9,6,6,9,8,8
2014Y38W,29.04,36.6,24.4,8.2,28,23.86,19,96,43,69.86,1015,1007.43,1001,32,15.57,0,807,615,1298,891,367,524,807,313,494,270,137,73,23,38,28,36,42,47,56,31,27,15,29,18,11,6,8,13,10,8,14,8,12
2014Y39W,27.43,32.3,24,1.8,26,23.71,20,100,54,77.14,1015,1010.71,1005,21,8.71,0,835,731,1607,937,421,516,835,358,477,398,145,53,42,54,63,55,50,72,62,20,34,13,17,24,18,19,11,10,2,11,3,6,10
2014Y40W,26.34,33,21,2.61,27,21.43,12,100,28,70.71,1016,1011.57,1008,29,13.14,0,777,601,1913,819,297,522,777,293,484,386,75,40,56,46,61,58,53,49,63,28,19,8,5,4,9,2,12,13,4,3,3,2,3
2014Y41W,24.84,32.7,20.6,0.04,22,15.57,11,89,24,52.29,1018,1012.71,1007,35,16.57,0,773,657,1512,968,413,555,773,300,473,240,119,47,67,42,43,19,18,29,22,19,25,16,18,15,19,7,7,5,5,11,6,8,5
2014Y42W,22.56,29.8,17.8,0,21,15,7,88,27,58.29,1022,1018.14,1014,29,12.43,0,654,503,1130,886,359,527,654,175,479,120,163,51,15,17,17,17,17,17,20,40,27,27,26,20,7,16,5,16,4,4,12,5,5
2014Y43W,23.39,32.1,19.3,0.17,24,18.71,13,100,37,71.86,1020,1016.43,1012,29,10.29,0,671,501,938,761,236,525,671,230,441,99,118,56,14,25,8,11,17,15,9,19,23,20,26,18,8,4,11,13,9,5,8,7,3
2014Y44W,23.59,30,17.6,1.03,23,18.14,11,100,35,70.29,1021,1016.29,1011,40,10.86,0,813,500,951,930,411,519,813,363,450,91,140,46,9,19,11,8,14,17,13,34,24,28,20,15,13,6,12,8,6,2,9,2,7
2014Y45W,20.23,26.2,15.9,2.1,19,15.14,9,94,39,67.29,1023,1019.14,1016,29,13.43,0,740,477,823,774,291,483,740,291,449,134,144,45,21,24,21,10,14,22,22,34,20,22,25,22,11,10,13,4,5,6,9,3,5
2014Y46W,19.57,25.8,16.1,3,19,14.57,9,100,44,67.71,1023,1019.86,1015,29,15.29,0,736,466,808,713,230,483,736,300,436,73,132,59,16,12,7,3,14,14,7,29,26,22,20,19,8,8,8,9,6,10,10,9,7
2014Y47W,19.7,27.1,14.6,0,19,13.43,4,100,23,64,1024,1019.57,1014,32,11.57,0,686,457,810,914,417,497,686,232,454,46,140,102,6,8,9,5,10,3,5,36,31,16,17,20,6,14,11,10,10,18,13,21,19
2014Y48W,20.99,27.8,17.7,7.41,23,19.43,13,100,43,86.86,1019,1014.86,1010,21,7,0,696,447,763,823,291,532,696,232,464,45,120,157,1,6,6,12,7,8,5,26,25,13,22,14,9,11,24,24,28,34,16,11,20
2014Y49W,14.93,21,9,10.11,22,9.29,2,100,31,64.71,1026,1021.29,1015,35,15.29,0,811,444,794,781,301,480,811,342,469,48,158,148,6,10,9,1,5,13,4,35,18,27,28,28,15,7,29,14,24,23,24,20,14
2014Y50W,15.21,21,9,0.94,15,8.14,-2,83,20,59,1029,1023.43,1017,32,15.43,0,750,436,743,726,236,490,750,287,463,39,131,160,7,8,5,2,5,5,7,27,20,30,11,17,13,13,17,20,28,22,28,18,27
2014Y51W,12.79,19,8,0.99,13,4.43,-10,100,9,55.43,1031,1025.14,1019,29,11.86,0,710,362,662,745,232,513,710,236,474,33,148,259,6,5,3,5,1,5,8,24,33,30,15,29,5,12,29,35,45,42,45,14,49
2014Y52W,13.64,20,8,2.53,13,7.29,-4,100,31,64,1028,1023.71,1020,32,13.71,0,832,428,573,806,291,515,832,361,471,26,109,366,2,5,6,4,3,3,3,30,17,12,21,15,11,3,58,48,60,67,44,46,43
2015Y01W,12.77,21.3,7,0,12,4,-7,100,18,56.14,1029,1022.86,1015,32,10.43,0,759,381,617,774,295,479,759,287,472,34,119,331,6,5,3,2,9,5,4,29,25,17,5,11,11,21,79,52,46,29,29,46,50
2015Y02W,13.94,24.9,8.2,0.3,18,7.14,-3,100,16,60.71,1029,1022,1013,32,11.71,0,796,334,679,663,180,483,796,346,450,13,143,320,3,2,2,1,3,0,2,19,35,14,26,18,14,17,65,54,49,39,50,37,26
2015Y03W,12.49,20.2,8.5,9.09,13,6.71,-1,100,27,65.71,1028,1023.43,1018,35,12,0,898,381,627,714,234,480,898,414,484,25,117,240,2,3,4,2,4,8,2,22,16,23,28,14,7,7,51,42,41,34,41,13,18
2015Y04W,13.47,21.2,8.7,1.59,14,7.14,-6,100,12,65.57,1025,1021.86,1017,32,8.14,0,824,354,570,749,230,519,824,354,470,21,147,189,1,4,2,1,6,3,4,31,22,14,22,16,24,18,26,24,31,46,32,15,15
2015Y05W,13.21,18.3,9.3,0,16,10.14,5,100,48,75.86,1030,1022.86,1017,32,13.57,0,764,293,547,745,234,511,764,285,479,25,106,105,2,8,1,3,6,2,3,23,23,15,13,9,13,10,16,26,22,13,12,7,9
2015Y06W,12.16,18.7,8,0,12,7.71,-2,94,30,69.29,1028,1025,1019,35,11.29,0,711,417,557,788,295,493,711,232,479,14,100,77,1,3,6,0,2,0,2,28,25,13,15,7,8,4,14,12,11,9,10,11,10
2015Y07W,13.09,22.2,5.9,2.96,16,5.29,-5,100,13,56.86,1030,1020.29,1015,29,8.43,0,660,296,555,692,175,517,660,183,477,9,112,57,1,4,0,0,0,3,1,20,19,22,12,14,14,11,12,9,7,5,4,14,6
2015Y08W,15.93,23.1,11.8,3.93,18,11.57,-1,100,27,72.86,1025,1018.86,1014,26,10.43,0,606,179,536,621,175,446,606,114,492,4,39,39,0,0,0,0,0,0,4,14,13,1,0,6,3,2,15,6,4,0,4,6,4
2015Y09W,15.16,23.7,11.8,2.37,19,13.43,8,100,52,85.57,1023,1017.43,1012,29,11,0,813,179,555,780,285,495,813,295,518,9,89,76,1,2,1,3,0,1,1,3,11,11,20,23,14,7,6,8,11,13,15,13,10
2015Y10W,12.71,22.7,8.1,2.7,15,10.57,7,100,52,82.86,1023,1018.43,1010,32,11.29,0,823,383,552,723,241,482,823,354,469,17,119,70,3,1,2,1,4,4,2,26,18,16,23,17,4,15,17,21,3,11,3,7,8
2015Y11W,14.13,25,9,1.37,18,10.86,3,100,39,76.57,1027,1021.43,1015,40,11.57,0,797,370,555,777,242,535,797,306,491,23,139,53,1,3,4,2,5,4,4,29,25,25,30,9,8,13,6,9,4,15,5,6,8
2015Y12W,19.51,30,16.2,0.17,21,16.86,4,100,30,81.43,1022,1015.43,1009,29,8.43,0,814,371,653,817,289,528,814,355,459,30,125,40,4,3,4,2,6,3,8,33,28,16,10,15,8,15,11,8,4,4,6,4,3
2015Y13W,15.79,25.6,10.8,2.06,18,10.29,-3,100,17,67.71,1029,1022.71,1015,35,13.71,0,762,364,684,693,175,518,762,298,464,41,156,36,7,6,3,4,6,8,7,24,29,27,25,30,9,12,8,6,8,2,9,1,2
2015Y14W,23.69,32,16.5,0.09,23,20.86,15,100,45,79.14,1018,1011.43,1006,29,8.43,0,707,447,731,798,298,500,707,232,475,86,126,30,10,17,10,13,10,13,13,22,19,26,22,20,5,12,8,5,2,4,6,3,2
2015Y15W,16.21,32.9,10.2,8.1,23,14.14,9,100,45,82.14,1023,1018.57,1010,32,14.14,0,687,454,923,749,230,519,687,230,457,111,106,41,12,22,11,7,13,29,17,10,23,21,23,14,4,11,5,1,12,6,5,5,7
2015Y16W,21.01,28.3,12.7,1.66,24,13.86,-4,100,10,63.14,1021,1014,1005,29,8.14,0,711,454,932,630,120,510,711,232,479,78,155,36,6,14,19,8,11,14,6,34,34,25,19,19,14,10,7,5,7,4,7,2,4
2015Y17W,20.99,27.8,15.7,9.91,24,14,-3,100,9,63,1021,1016.43,1005,32,11.57,0,818,450,936,654,177,477,818,356,462,118,118,19,13,6,13,16,15,26,29,26,16,26,20,16,7,7,3,3,4,2,3,3,1
2015Y18W,23.64,31.5,19,19.37,25,21,15,100,45,80.14,1017,1011.14,1006,21,8.29,0,627,446,1046,910,352,558,627,171,456,136,123,28,15,24,19,14,10,27,27,32,25,21,16,11,9,9,4,3,4,5,2,3,7
2015Y19W,21.71,29.5,16.6,19.67,25,20.57,16,100,64,88.71,1014,1010.86,1007,29,10.43,0,799,515,1121,816,289,527,799,348,451,182,118,38,22,34,25,18,21,34,28,20,18,20,30,14,10,6,8,2,7,4,6,6,5
2015Y20W,25.2,30.7,19.1,12,26,21.14,3,100,12,76.14,1014,1010.71,1007,26,8.57,0,636,507,1257,646,116,530,636,173,463,195,136,32,32,26,30,19,36,24,28,36,25,16,27,14,10,8,5,4,2,7,4,4,6
2015Y21W,22.54,30.3,16.6,50.1,27,22.14,16,100,68,92.71,1014,1008.57,1004,32,10.86,0,694,528,1268,800,293,507,694,234,460,277,105,35,22,32,53,46,33,52,39,20,17,23,12,12,15,6,7,3,2,7,10,4,2
2015Y22W,24.66,32.8,19.9,14.5,29,24.14,16,100,57,91.86,1012,1007.43,1003,21,6.86,0,655,580,1294,774,285,489,655,230,425,264,126,36,32,38,48,26,32,50,38,16,38,14,18,18,15,7,8,3,6,3,5,5,6
2015Y23W,25.99,34.6,22.3,10.87,27,24.71,22,100,52,88.71,1012,1008.86,1005,26,9,0,730,594,1305,923,407,516,730,293,437,278,139,39,38,19,42,42,55,37,45,24,27,19,25,20,11,13,8,6,4,5,8,4,4
2015Y24W,27.87,33.5,23.8,7.97,28,26,22,100,52,82.71,1010,1007.14,1004,32,10.14,0,706,594,1754,818,295,523,706,234,472,239,152,37,29,32,45,17,22,56,38,30,30,17,22,27,15,11,6,5,6,4,6,8,2
2015Y25W,28.89,35.9,25.1,3.74,28,25.43,22,100,40,78,1011,1006.29,1002,26,11,0,767,556,1754,846,293,553,767,291,476,219,123,36,27,33,41,23,23,34,38,23,25,26,12,26,6,5,6,5,5,6,6,3,5
2015Y26W,27.89,34.1,24.9,2.51,28,26.71,24,100,56,86.14,1010,1007,1005,40,12.14,0,865,566,1375,633,120,513,865,350,515,184,117,59,36,26,27,23,23,30,19,18,33,22,16,12,8,8,6,5,9,10,12,9,8
2015Y27W,28.93,35.7,23.8,5.14,28,25.86,21,100,47,78.43,1009,1003.43,1000,26,11,0,763,538,1381,917,358,559,763,291,472,153,129,43,30,21,21,20,15,22,24,23,32,14,27,17,8,8,7,7,4,7,2,5,11
2015Y28W,28.71,38.5,23.8,23.01,27,23.86,21,100,33,70.71,1003,999.57,994,40,14.14,0,893,419,1167,817,329,488,893,410,483,120,119,38,13,20,26,16,10,13,22,26,18,17,25,14,9,10,7,9,4,6,3,8,1
2015Y29W,28.6,33.7,25.3,12.19,28,25.86,23,100,53,79.86,1005,1002.29,999,32,9.86,0,779,451,1061,994,459,535,779,297,482,92,130,48,14,8,14,19,15,12,10,30,14,22,31,16,7,10,11,10,5,7,7,1,7
2015Y30W,26.29,30.8,23.5,61.49,28,25.86,23,100,70,91.43,1013,1007.86,1004,32,13.86,0,776,373,958,1031,480,551,776,287,489,85,121,44,12,8,12,9,14,17,13,20,20,21,18,16,13,13,8,10,6,4,7,8,1
2015Y31W,28.1,34.8,23.3,0.26,27,23.29,17,100,32,71.43,1014,1011,1008,32,9.71,0,676,437,1000,1244,613,631,676,173,503,92,117,58,13,11,18,10,13,15,12,16,27,14,19,19,7,15,12,12,7,8,8,6,5
2015Y32W,28.79,35.4,23.3,29.59,27,23.43,19,100,36,69.86,1012,1002.14,983,55,13.43,0,694,441,877,960,416,544,694,240,454,61,144,60,8,13,10,7,5,10,8,22,33,15,28,25,11,10,8,14,6,12,10,5,5
2015Y33W,27.07,32.7,24.5,7.91,27,26,24,100,58,88,1010,1007.14,1002,29,9.71,0,764,444,846,785,239,546,764,293,471,60,152,42,6,13,8,8,5,14,6,27,31,22,25,22,15,10,6,3,8,6,4,7,8
2015Y34W,28.71,35.6,24.1,11.36,27,24.29,21,100,41,74.29,1010,1003.71,996,35,10.86,0,764,443,847,710,179,531,764,287,477,98,149,51,14,8,12,8,11,29,16,26,30,25,15,24,15,14,9,10,9,10,8,3,2
2015Y35W,25.84,31.2,22.8,48.3,27,24.71,22,100,51,89.43,1011,1007,1000,21,8.71,0,894,452,885,812,289,523,894,416,478,95,115,64,13,13,11,11,18,13,16,28,22,9,16,19,10,11,17,6,12,10,6,9,4
2015Y36W,26.61,33.8,22.2,32.74,28,25.43,22,100,49,87.57,1015,1010.14,1003,18,6.86,0,564,470,912,763,285,478,564,120,444,161,118,53,26,12,19,19,32,36,17,27,26,21,9,9,15,11,14,9,4,2,5,9,10
2015Y37W,25.8,30.7,22.1,1.93,27,21.43,17,100,40,71.57,1016,1011.71,1005,32,13.86,0,679,458,1048,665,173,492,679,238,441,192,134,68,17,19,30,20,18,40,48,25,28,19,19,23,6,14,10,15,9,10,12,5,7
2015Y38W,25.4,30.5,21,4.81,25,21.71,17,100,53,76.43,1017,1013.43,1008,29,11.71,0,868,472,1081,702,230,472,868,403,465,192,114,42,32,27,30,20,16,34,33,18,23,14,22,14,9,14,10,4,6,6,7,4,5
2015Y39W,25.83,31.7,22.5,4.83,27,23.57,17,100,43,83.43,1013,1008,1003,21,10.14,0,640,485,1070,629,114,515,640,179,461,289,142,51,41,36,32,38,46,54,42,18,33,24,26,17,15,9,11,6,9,10,7,3,5
2015Y40W,25.66,32.6,22.1,31.84,27,23.14,18,100,46,82.29,1019,1011.29,994,35,11.57,0,570,442,1370,688,232,456,570,114,456,343,75,31,67,46,38,36,47,60,49,20,16,20,3,5,7,4,5,9,6,2,4,2,3
2015Y41W,24.69,30.9,21.2,11.53,26,20.71,11,100,34,75.71,1022,1014.29,1007,26,11,0,647,520,1347,732,236,496,647,179,468,379,91,43,63,57,47,64,50,57,41,6,12,6,20,16,24,7,5,5,11,9,5,2,6
2015Y42W,22.54,28.7,18.9,0,18,13.57,7,88,21,53.43,1022,1016.43,1011,32,16.29,0,672,514,965,661,173,488,672,240,432,277,168,48,44,61,59,27,25,35,26,46,33,10,22,26,17,14,9,8,5,7,9,4,6
2015Y43W,24.57,29.1,21.1,0,22,17.14,13,88,37,59.14,1019,1012.29,1006,32,16.71,0,773,466,835,653,173,480,773,346,427,146,138,36,28,15,26,22,17,19,19,22,24,16,26,23,17,10,6,6,8,10,3,2,1
2015Y44W,22.99,29.9,19.4,0.9,23,19.43,15,100,49,76.86,1025,1019.14,1013,32,11.43,0,804,453,705,667,185,482,804,356,448,130,149,45,20,13,21,12,10,38,16,38,29,14,26,19,10,13,10,6,7,8,7,4,3
2015Y45W,23.76,31.2,17.7,0,25,19.57,12,100,46,74.29,1024,1018.14,1014,29,11,0,737,466,735,761,285,476,737,291,446,163,166,48,28,26,21,17,19,32,20,23,27,39,19,24,20,14,12,6,9,3,5,8,5
2015Y46W,21.84,28,18.4,5.14,24,19,14,100,56,80.43,1022,1017.71,1013,32,13.86,0,672,459,733,762,298,464,672,230,442,217,136,39,28,32,50,25,20,27,35,20,19,11,24,21,34,7,3,3,4,7,4,12,6
2015Y47W,23.67,30.7,20,0.94,24,20.57,16,100,45,78.57,1021,1017.14,1013,26,9.29,0,680,541,865,719,236,483,680,234,446,240,148,52,36,40,31,27,32,47,27,23,29,42,17,18,6,13,4,4,7,6,20,8,3
2015Y48W,18.86,28.2,11.1,0.39,19,12.14,0,89,20,60.71,1027,1020.71,1015,32,13.14,0,613,500,830,711,234,477,613,175,438,161,111,36,26,24,15,16,27,29,24,17,18,22,13,19,11,11,2,5,4,3,13,4,5
2015Y49W,17.47,25.1,12.9,6.04,19,13.71,8,100,43,75.29,1026,1020.71,1014,29,12.43,0,737,418,743,813,350,463,737,298,439,97,157,60,17,14,12,14,11,18,11,21,33,32,23,13,26,9,9,8,6,14,10,4,9
2015Y50W,16.8,23.1,13.7,34.63,18,14.29,9,100,54,80.29,1026,1019.43,1013,29,11,0,592,430,651,698,243,455,592,173,419,71,149,84,10,16,8,6,11,13,7,20,35,29,18,25,11,11,10,26,11,14,10,6,7
2015Y51W,14.44,22.7,6.6,0.3,18,9.14,-5,96,19,66.14,1030,1023.29,1015,32,13.43,0,598,428,577,700,241,459,598,236,362,102,170,105,16,17,11,13,15,21,9,39,36,31,15,22,21,6,19,14,23,11,11,13,14
2015Y52W,16.44,21.1,12,9.81,19,15.29,9,100,56,89.57,1028,1021.14,1016,26,7.29,0,791,433,591,669,230,439,791,348,443,83,143,127,16,16,6,8,13,14,10,28,22,38,11,12,18,14,22,22,15,26,16,14,12
2016Y01W,14.66,19.2,10.7,2.4,18,10,-1,100,31,70.43,1030,1025.86,1019,32,11.14,0,712,380,638,587,127,460,712,289,423,111,149,138,23,19,18,12,11,23,5,34,30,31,26,7,16,5,20,22,21,16,15,18,26
2016Y02W,15.76,22.2,11.8,12.03,19,13.43,7,100,51,82.29,1025,1020.71,1016,26,9.71,0,619,440,553,797,348,449,619,177,442,98,143,197,12,12,13,10,14,15,22,16,31,28,14,17,28,9,32,36,34,31,28,19,17
2016Y03W,13.5,17,9.9,8.59,17,12.29,8,100,50,86.71,1024,1018.14,1009,29,10,0,692,317,648,692,230,462,692,236,456,67,138,155,8,6,16,5,3,11,18,18,28,26,25,19,15,7,16,30,35,22,15,20,17
2016Y04W,10.13,18.1,3.7,7.76,13,6,-11,100,22,73.43,1037,1024,1015,29,12.86,0,550,428,502,573,114,459,550,116,434,43,151,138,10,7,2,7,4,4,9,20,25,38,18,25,20,5,16,20,23,18,17,21,23
2016Y05W,10.8,16.9,0.1,36.63,16,7.86,-12,100,15,78.57,1037,1024.71,1018,29,10.43,0,718,412,503,497,57,440,718,289,429,38,150,104,4,16,1,7,2,6,2,31,19,20,27,18,10,25,10,14,13,13,19,20,15
2016Y06W,10.01,17.8,5.9,2.46,12,6.29,-6,100,21,75.14,1029,1024.57,1018,29,11.43,0,736,175,462,615,171,444,736,293,443,9,145,89,3,1,1,0,3,1,0,34,24,39,20,11,12,5,14,12,19,12,16,8,8
2016Y07W,14.83,24.7,5.4,5.37,22,11.14,-6,100,15,81,1027,1018,1011,32,6.14,0,623,234,446,479,57,422,623,171,452,31,35,100,1,0,3,3,2,11,11,1,0,4,5,7,7,11,14,10,4,11,11,19,31
2016Y08W,12.13,18.6,7.4,1.49,15,7.29,2,100,35,68.57,1028,1024.29,1018,29,12,0,897,185,474,683,230,453,897,409,488,22,142,196,2,2,3,4,5,2,4,28,18,29,28,16,14,9,34,38,22,22,25,25,30
2016Y09W,12.66,23,9.4,0.77,13,7.43,0,100,21,67.29,1032,1026.43,1020,35,12.29,0,768,299,484,754,299,455,768,300,468,25,157,187,2,3,1,3,4,7,5,36,21,33,25,21,9,12,31,30,15,32,21,26,32
2016Y10W,15.61,25.2,9.3,0,18,10.29,3,100,20,68.14,1029,1021.71,1014,32,9.57,0,925,422,488,806,348,458,925,418,507,27,184,207,4,6,3,3,4,4,3,39,25,31,21,26,13,29,36,22,26,40,32,30,21
2016Y11W,12.83,22,6.3,16.17,20,12,1,100,44,89.29,1026,1018.14,1010,40,11.29,0,840,363,501,785,354,431,840,350,490,37,162,144,2,4,1,9,10,4,7,26,36,29,18,24,10,19,28,35,20,19,22,13,7
2016Y12W,14.41,20.6,10.6,13.46,20,13.29,2,100,39,88.43,1022,1016.43,1010,32,9.14,0,773,370,520,584,177,407,773,293,480,25,154,106,3,1,4,5,4,3,5,33,29,16,25,27,15,9,17,15,22,13,15,12,12
2016Y13W,12.33,18.2,7.2,21.8,16,9,1,100,31,78.57,1027,1020.86,1012,32,12.57,0,580,313,553,683,234,449,580,120,460,43,173,78,3,3,2,5,13,6,11,44,31,21,22,26,14,15,15,15,12,10,8,10,8
2016Y14W,17.74,27.5,10.6,0.7,20,12.86,-1,100,21,71,1028,1018.29,1011,26,6.86,0,781,370,595,656,232,424,781,297,484,48,149,77,6,5,4,6,9,8,10,39,24,26,25,21,10,4,8,11,12,14,18,8,6
2016Y15W,20.63,28,16.5,22.93,23,19.43,17,100,62,92,1017,1013,1007,26,7.71,0,634,461,648,639,179,460,634,175,459,60,144,71,8,7,6,10,4,15,10,10,40,34,15,20,12,13,9,7,26,10,9,8,2
2016Y16W,18.89,25.5,16,17.09,23,18.86,15,100,69,94,1016,1011,1004,21,7.86,0,732,439,757,770,297,473,732,299,433,156,145,48,26,12,23,18,22,22,33,30,18,31,22,19,12,13,10,7,8,7,8,4,4
2016Y17W,21.14,30.5,14.5,24.46,25,19.86,13,100,51,89.14,1022,1012.86,1008,26,7.43,0,675,584,1062,742,230,512,675,234,441,206,156,43,42,23,16,19,40,29,37,27,32,29,23,13,15,17,8,3,11,7,7,3,4
2016Y18W,20.76,30.3,14.2,8.24,25,18.57,8,100,36,84.86,1017,1012,1005,26,8.43,0,696,469,1490,729,232,497,696,236,460,267,166,46,35,24,25,25,51,61,46,30,31,37,15,29,8,16,3,7,12,9,3,8,4
2016Y19W,25.83,32.7,20.7,8.41,26,23.43,18,100,51,85,1014,1011,1007,26,7,0,729,857,2620,927,356,571,729,287,442,329,130,40,31,36,28,44,68,66,56,6,28,27,30,27,6,6,8,3,4,8,8,4,5
2016Y20W,24.64,31,18.7,12.99,27,22,13,100,44,81.43,1017,1011.14,1006,29,10.86,0,676,711,2948,843,293,550,676,228,448,472,146,43,85,69,60,75,55,65,63,26,34,26,16,24,10,10,9,6,7,8,6,2,5
2016Y21W,21.79,26.9,17.8,8.4,25,18.43,8,100,29,78.57,1016,1011,1007,32,12,0,749,592,2393,800,238,562,749,293,456,370,132,45,91,51,34,42,52,52,48,39,24,17,28,10,6,8,4,7,6,12,5,4,7
2016Y22W,25.86,33.5,22.3,6.24,28,24.57,21,100,59,87,1011,1008.71,1005,32,9.29,0,570,579,2566,848,289,559,570,116,454,366,176,39,39,57,37,57,70,61,45,31,35,31,34,27,9,9,6,6,8,7,5,3,4
2016Y23W,27.54,35.5,22.6,16.9,28,25.29,21,100,49,83.43,1011,1006.86,1002,29,9.14,0,666,609,2934,912,401,511,666,234,432,455,189,39,59,66,49,62,84,67,68,35,41,39,23,19,21,11,6,11,4,6,4,6,2
2016Y24W,26.19,30.7,23.5,32.53,27,25.14,23,100,62,88.57,1011,1007,1003,21,9.57,0,725,552,2636,704,181,523,725,300,425,400,128,43,45,39,56,51,83,60,66,30,31,26,7,10,7,17,6,9,7,6,0,4,11
2016Y25W,27.83,33.7,24.5,41.19,28,26.57,23,100,49,87.71,1013,1007,1002,29,9.29,0,561,540,2337,502,57,445,561,175,386,431,140,59,64,51,65,54,63,67,67,29,17,23,21,24,15,11,9,13,9,8,8,7,5
2016Y26W,29.19,34.7,26,2.64,28,26.29,23,100,47,78,1011,1008.57,1006,29,10.43,0,616,526,2000,764,293,471,616,173,443,310,144,45,48,38,34,28,59,63,40,31,19,29,23,23,9,10,5,5,13,11,5,2,4
2016Y27W,28.87,34.3,25.3,8,28,26,21,100,44,78.14,1013,1010,1007,26,10.14,0,732,480,1642,657,177,480,732,295,437,209,123,74,38,26,27,34,32,32,20,29,28,14,14,14,11,13,8,17,11,8,8,13,9
2016Y28W,28.94,35.5,23.7,36.89,27,24.29,20,100,37,72.57,1011,1003.14,993,29,12.71,0,733,412,1351,750,295,455,733,293,440,149,180,65,19,34,22,27,20,12,15,38,33,36,30,23,12,8,12,13,7,11,9,8,5
2016Y29W,27.97,34.8,25.2,12.79,29,26.57,24,100,58,84.86,1009,1005.43,1001,26,9.14,0,674,434,1127,751,287,464,674,234,440,130,181,49,19,24,14,16,19,17,21,37,25,39,29,21,18,12,5,7,12,3,10,8,4
2016Y30W,29,34.9,24.8,3.37,28,25.71,22,100,45,78.14,1012,1008.57,1005,29,9.29,0,579,369,1119,706,236,470,579,122,457,102,172,54,20,16,12,19,15,9,11,32,26,37,29,22,13,13,9,9,9,5,10,5,7
2016Y31W,29.9,35.9,25.9,2.81,28,24.57,19,100,44,69.29,1011,1007.29,1002,29,8.86,0,745,377,1023,728,244,484,745,291,454,101,165,81,22,18,8,18,9,8,18,33,36,29,19,21,11,16,13,11,10,12,16,8,11
2016Y32W,28.97,35.8,25.7,38.23,28,25.71,22,100,49,77.29,1011,1005.43,1000,32,12,0,802,375,1001,769,293,476,802,351,451,85,150,61,16,11,14,7,11,15,11,36,33,24,16,21,6,14,9,12,9,9,8,8,6
2016Y33W,27.29,33.4,24.3,54.24,27,26,24,100,52,87.29,1005,1002.29,999,26,8.57,0,866,307,938,763,297,466,866,409,457,92,179,74,7,12,15,19,23,9,7,42,35,34,20,31,11,6,12,7,9,15,9,13,9
2016Y34W,27.87,34.2,24.8,10.93,28,26,24,100,53,85.43,1006,1002.29,999,26,11,0,692,443,882,654,173,481,692,228,464,72,187,61,14,11,4,12,10,6,15,49,31,29,32,24,12,10,6,9,10,9,9,5,13
2016Y35W,28.57,35.1,24.4,93.09,28,25.57,22,100,46,78.57,1008,1005,1002,18,7.43,0,626,425,951,570,116,454,626,171,455,84,190,57,8,10,15,12,14,9,16,42,38,33,26,25,16,10,11,9,8,12,5,5,7
2016Y36W,27.13,33.8,23,8.46,27,22.43,14,100,32,71,1009,1005,1000,29,10.57,0,674,320,919,645,173,472,674,232,442,89,199,65,16,12,8,12,17,13,11,43,36,26,18,30,12,34,15,4,5,10,8,14,9
2016Y37W,27.09,32.5,23.6,34.24,27,25.29,23,100,52,85.71,1011,1007.43,1005,29,9.71,0,639,299,837,527,57,470,639,173,466,169,143,86,21,22,13,25,30,30,28,37,26,26,17,17,10,10,9,7,18,14,17,13,8
2016Y38W,26.44,33.6,23,52.03,26,23.57,21,100,53,81,1014,1005.29,964,79,14.43,0,765,387,941,595,173,422,765,317,448,196,124,83,14,29,19,43,24,30,37,38,29,24,1,5,11,16,15,11,14,6,8,8,21
2016Y39W,26.44,31.7,22.4,0.16,24,19.29,16,95,38,61.57,1017,1012.14,1007,26,13.86,0,811,406,1164,588,118,470,811,344,467,203,176,120,30,34,29,27,40,23,20,51,34,30,22,23,11,5,16,18,25,17,15,13,16
2016Y40W,27.03,33.4,23.5,39.14,26,22.57,18,100,37,74.71,1012,1004,984,40,13,0,688,430,1062,567,114,453,688,301,387,161,143,92,22,27,21,13,22,17,39,28,33,29,22,15,4,12,21,13,17,10,15,7,9
2016Y41W,26.04,31.9,18.7,22.6,26,22.14,17,100,54,75.86,1012,1008.71,1005,40,14.43,0,768,457,1153,464,0,464,768,295,473,204,87,76,22,34,29,25,25,27,42,8,7,6,10,11,20,25,15,15,4,6,13,10,13
2016Y42W,23.4,30.8,17.8,0,23,18.57,14,100,37,70.57,1017,1013.57,1010,32,17.14,0,583,456,1213,649,173,476,583,116,467,226,160,66,38,41,24,26,30,29,38,35,30,30,30,18,15,2,8,15,7,11,10,10,5
2016Y43W,26.6,33,24,29.11,25,22.86,21,96,52,75.57,1014,1008.86,1002,32,16.57,0,611,460,1120,807,295,512,611,177,434,313,180,43,37,38,44,34,46,50,64,39,37,40,29,24,6,5,6,8,5,9,9,3,3
2016Y44W,24.96,32.9,20,2.21,25,21.43,15,100,49,77.71,1024,1016.43,1011,40,11.57,0,718,541,1433,863,350,513,718,236,482,480,144,43,62,54,50,57,88,75,94,33,24,28,16,19,11,13,7,8,6,5,5,8,4
2016Y45W,21.66,27.1,17.8,0,19,15.43,10,94,41,62.86,1024,1018.29,1011,35,15.86,0,727,479,1506,655,171,484,727,287,440,308,160,45,49,61,45,41,43,36,33,45,31,24,20,17,16,7,14,4,8,7,8,1,3
2016Y46W,20.44,28.5,15.4,2.2,21,15.86,10,97,45,71.43,1023,1019,1015,35,10.29,0,734,333,1137,658,179,479,734,291,443,211,167,36,20,30,28,35,37,27,34,38,27,26,25,30,12,9,3,9,4,5,5,8,2
2016Y47W,22.9,29.9,19.7,8.41,22,19.57,16,99,51,77.71,1021,1016.14,1012,29,8.43,0,529,510,1119,650,175,475,529,171,358,276,163,49,27,35,37,38,65,41,33,34,37,31,23,22,8,8,9,7,10,3,8,7,5
2016Y48W,18.16,24.3,14,17.13,21,15.86,8,100,52,81.86,1023,1017.43,1012,32,13.29,0,665,495,1164,571,118,453,665,289,376,246,131,45,39,29,24,46,47,23,38,23,19,28,25,21,5,10,10,4,12,3,8,4,4
2016Y49W,17.84,24.3,12.9,1.24,18,12.29,2,96,28,65.43,1026,1022.86,1016,35,14.14,0,611,445,931,568,114,454,611,232,379,153,156,46,27,36,19,23,18,18,12,37,28,20,24,23,16,8,7,4,6,8,11,2,8
2016Y50W,17.87,24.1,13.8,0,17,11.86,3,88,27,62.14,1025,1018.71,1014,29,11.86,0,599,402,861,637,171,466,599,173,426,111,156,51,16,18,15,18,13,19,12,37,20,36,20,21,11,11,7,9,7,4,9,5,10
2016Y51W,15.66,24.2,9.3,0.09,16,9.57,-5,95,14,64.71,1029,1021.86,1013,35,13.57,0,617,427,788,580,118,462,617,177,440,98,153,67,10,9,20,17,22,13,7,37,21,36,24,19,5,11,9,10,9,13,10,7,9
2016Y52W,18.19,25.8,12.8,13.9,21,13.71,0,100,26,73.14,1025,1019.29,1015,32,10.43,0,600,255,757,710,232,478,600,175,425,83,141,115,11,12,8,14,17,8,13,34,19,20,31,19,8,10,18,20,14,19,20,12,12
2017Y01W,15.6,24.9,9.4,0.04,17,9.43,1,93,39,62.43,1028,1022.57,1014,35,12.86,0,506,441,715,722,236,486,506,59,447,79,156,173,15,7,8,13,7,12,17,45,28,31,25,15,6,6,30,21,24,16,24,25,33
2017Y02W,18.59,25.8,15.3,0,17,15.14,11,94,53,77.29,1020.54,1015.23,1008.69,13,4.29,0,683,384,667,555,114,441,683,232,451,61,152,250,12,9,7,6,9,9,9,19,34,27,20,22,25,5,37,26,29,46,44,39,29
2017Y03W,14.39,19.8,8.5,1.14,14,9.43,2,94,47,68.71,1021.56,1017.63,1012.75,18,11,2,667,299,578,639,173,466,667,228,439,47,161,193,7,3,5,11,8,8,5,23,31,39,23,25,16,4,35,32,34,23,22,21,26
2017Y04W,13.51,18.2,9,0.09,14,9,1,94,32,69.29,1027.65,1021.85,1016.82,20,9.43,0,589,419,545,565,114,451,589,173,416,25,147,180,4,2,3,3,3,2,8,25,24,30,20,22,13,13,19,24,24,36,29,30,18
2017Y05W,13.74,20.2,9.1,1.37,17,7.57,0,94,40,62.71,1027.65,1022.32,1014.78,25,9.57,0,427,116,522,365,0,365,427,0,427,16,98,156,3,3,1,2,3,3,1,25,23,31,9,4,1,5,22,26,25,20,17,19,27
2017Y06W,14.61,22.1,10.6,0.57,18,10.29,6,94,49,70.71,1024.6,1018.31,1010.72,27,9.29,2,654,234,554,315,0,315,654,171,483,31,61,185,1,5,11,3,2,4,5,1,2,4,2,19,24,9,28,21,17,24,20,38,37
2017Y07W,12.47,19.8,6.9,0,12,3.14,-4,77,29,50.57,1027.65,1019.81,1012.75,25,10.86,2,701,352,562,591,116,475,701,228,473,29,164,265,3,3,6,5,7,3,2,37,34,28,22,26,9,8,55,35,43,31,37,19,45
2017Y08W,15.06,26.5,8.7,0.89,14,7.29,-4,94,28,60,1029.68,1022.12,1012.75,16,6.86,0,646,374,564,522,59,463,646,184,462,30,183,393,5,6,4,4,5,3,3,34,32,42,23,33,13,6,45,43,66,51,59,55,74
2017Y09W,12.94,21.7,7.4,2.17,17,10.86,3,100,54,81.71,1023.59,1017.44,1010.72,22,8.29,0,759,356,511,533,57,476,759,285,474,28,178,315,0,3,3,5,5,9,3,27,31,48,26,25,12,9,61,57,58,56,34,28,21
2017Y10W,14.73,24.2,9.5,1.83,17,6.29,-2,88,22,56.29,1023.59,1016.56,1007.67,18,6.57,0,662,237,584,701,179,522,662,171,491,14,157,232,1,2,5,0,4,0,2,31,29,43,20,20,4,10,39,31,40,28,32,34,28
2017Y11W,14.21,21.5,9.7,2.46,16,10.29,2,94,37,72.71,1018.85,1014.48,1007.67,18,7.14,0,603,179,609,545,0,545,603,118,485,24,163,215,4,4,4,2,1,7,2,33,37,26,24,30,8,5,41,31,39,30,35,16,23
2017Y12W,14.59,25.4,10.8,4.09,18,10.86,1,94,34,74.71,1020.54,1016.22,1005.64,20,7.29,0,807,287,628,822,285,537,807,289,518,31,164,186,5,5,3,3,6,3,6,29,35,34,28,23,6,9,53,26,19,29,18,14,27
2017Y13W,16.09,24.8,11.7,9.8,17,12.29,5,94,42,74.57,1022.57,1015.52,1010.72,18,6.86,0,562,188,691,741,173,568,562,59,503,44,192,124,4,0,5,12,4,5,14,40,33,39,31,22,16,11,27,24,16,21,16,13,7
2017Y14W,17.23,25.4,10.5,5.57,19,10.57,4,88,29,64.29,1023.59,1018.02,1010.72,22,6.57,0,706,352,801,837,289,548,706,240,466,49,197,109,9,2,1,8,5,12,12,37,36,37,19,31,30,7,22,13,18,19,14,12,11
2017Y15W,20.89,29.1,13.4,0.67,22,16,7,100,36,70.43,1022.57,1012.55,1002.59,16,5.43,0,727,361,766,740,175,565,727,232,495,77,138,85,11,10,5,14,10,15,12,7,9,29,36,28,16,13,9,11,15,21,9,11,9
2017Y16W,20.57,29.6,14.1,13.71,23,15.14,2,94,32,67.29,1017.83,1010.64,1000.9,20,7.57,0,499,419,992,644,57,587,499,0,499,148,151,84,15,16,16,45,25,16,15,29,30,36,18,23,10,5,14,9,14,12,12,10,13
2017Y17W,23.06,32.8,14.8,28.1,23,18.71,11,100,40,72.71,1014.78,1008.07,1003.61,18,7.86,2,655,438,1000,681,118,563,655,171,484,177,154,99,20,13,28,23,32,32,29,36,29,25,22,17,14,11,15,18,20,15,10,9,12
2017Y18W,19.69,29.5,14.8,9.81,22,13.43,4,94,27,65.14,1014.78,1011.75,1004.63,20,6.86,2,702,437,1100,728,171,557,702,228,474,161,184,59,18,10,13,26,43,29,22,29,39,37,29,31,11,8,9,8,4,14,8,6,10
2017Y19W,23.2,28.7,19.2,8.66,23,19.86,14,94,48,76.29,1015.83,1011.34,1007.85,25,10.14,0,586,324,1125,678,59,619,586,116,470,225,139,77,19,12,18,37,47,39,53,7,30,18,28,28,18,10,9,9,10,9,13,15,12
2017Y20W,24.69,31,20.4,12.57,24,20.86,15,94,48,73.57,1013.83,1009.45,1004.85,18,9.14,0,583,453,1686,698,114,584,583,116,467,324,176,138,55,29,36,61,54,43,46,28,32,37,29,24,14,12,8,9,9,7,18,70,17
2017Y21W,22.9,28.4,18.4,17.63,21,18.57,15,94,48,72.29,1011.84,1008.24,1003.85,29,13,0,615,393,2059,680,114,566,615,118,497,422,144,122,67,45,58,73,56,59,64,37,32,30,15,13,11,6,40,16,13,14,14,13,12
2017Y22W,24.8,31.7,20.1,24.57,24,18,7,89,30,63.29,1009.84,1006.84,1000.86,29,13.71,0,726,501,2244,815,228,587,726,239,487,390,171,76,44,55,30,58,51,98,54,36,30,22,28,19,31,5,12,11,12,10,14,9,8
2017Y23W,25.46,32.7,21.1,94.94,26,21.86,13,94,47,76.43,1009.84,1003.33,996.87,25,11.86,4,553,478,2163,709,175,534,553,57,496,548,131,61,47,41,60,70,112,109,109,7,10,42,28,21,14,9,8,9,8,12,10,5,9
2017Y24W,26.81,33,21.1,6.6,25,23.43,21,94,46,76.14,1010.84,1007.24,1002.86,25,9.86,0,572,567,3893,623,57,566,572,57,515,866,152,80,91,95,105,168,134,153,120,40,25,28,26,25,5,3,16,15,13,11,13,8,4
2017Y25W,23.31,31,20.2,94.71,25,22,20,94,59,86.29,1008.84,1005.28,1001.86,32,11.57,0,595,558,4449,748,230,518,595,114,481,838,130,81,112,90,92,166,142,128,108,25,24,30,20,25,1,5,12,12,9,14,10,14,10
2017Y26W,27.04,34.2,21.5,30.51,26,24.14,22,94,49,77.57,1007.85,1003.84,1000.86,25,13,4,731,705,4118,637,57,580,731,232,499,680,140,83,95,92,76,122,97,92,106,33,23,28,15,25,7,9,6,22,16,7,12,11,9
2017Y27W,27.86,33.8,23.9,10.13,26,24.29,21,8400,55,1072.43,1008.84,1006.09,1002.86,29,10.57,0,842,724,3386,660,57,603,842,350,492,562,159,71,96,81,73,96,89,66,61,35,27,26,21,20,23,7,8,13,11,11,15,8,5
2017Y28W,27.33,31.4,23.6,1.67,25,24,23,94,59,77.86,1011.84,1007.92,1003.85,25,8.86,0,845,735,3231,649,57,592,845,356,489,536,169,78,85,67,88,86,63,68,79,51,21,31,25,25,7,9,6,12,6,16,13,16,9
2017Y29W,28.91,34.3,25.1,0.69,25,23.86,21,89,46,68,1010.84,1007.45,1004.85,22,10.29,0,749,586,2477,618,57,561,749,234,515,346,160,83,72,52,47,44,51,42,38,34,30,27,23,19,19,8,8,12,16,15,13,8,11
2017Y30W,28.76,35.2,23.7,2.9,25,23.57,20,89,39,66.86,1011.84,1007.93,1003.85,32,10.86,0,800,560,1819,735,173,562,800,287,513,231,142,76,40,48,17,54,28,19,25,34,19,28,24,13,17,7,14,15,11,6,13,8,9
2017Y31W,29.44,34.6,24.8,21.7,26,23.29,20,89,41,64.86,1004.85,1000.06,989.88,36,12,4,780,449,1394,827,230,597,780,295,485,185,155,94,31,27,23,25,27,21,31,40,28,28,20,19,12,8,11,17,17,16,9,10,14
2017Y32W,27.97,35.3,24.3,28.5,27,25.14,23,100,53,79.14,1003.85,999.65,989.88,25,10.57,0,860,478,1273,565,0,565,860,354,506,174,166,91,33,14,24,21,21,26,35,37,28,25,24,18,22,12,18,10,15,10,9,16,13
2017Y33W,29.59,35.8,25.7,0.09,27,24.71,21,84,49,68.14,1006.85,1003.55,999.86,29,13.43,4,862,480,1411,818,230,588,862,368,494,168,115,91,34,27,23,33,15,19,17,25,19,28,17,16,6,4,12,14,13,17,14,12,9
2017Y34W,29.34,35.6,25.5,0,26,24.29,22,94,47,69.71,1008.84,1005.66,1001.86,22,9.57,0,718,501,1291,697,57,640,718,236,482,160,141,117,30,17,19,22,24,30,18,31,20,25,24,19,16,6,18,22,14,21,15,18,9
2017Y35W,28.5,33.9,22.8,24.64,26,24.14,21,94,52,72.43,1011.84,1004.75,995.87,36,12,0,734,466,1224,790,173,617,734,236,498,132,129,149,19,12,21,21,21,18,20,21,24,26,20,23,12,3,19,22,22,29,19,14,24
2017Y36W,28.76,34.4,25.1,12.86,25,21.86,17,94,46,63.71,1010.84,1005.33,1000.86,32,18.29,0,791,447,1155,818,228,590,791,293,498,138,137,137,29,24,16,9,15,21,24,32,17,22,21,21,11,13,15,21,23,22,21,12,23
2017Y37W,27.94,34.1,24.6,1.73,26,24.43,22,100,52,76.29,1008.84,1006.58,1002.86,22,9,0,598,390,1182,648,59,589,598,118,480,221,134,94,35,35,25,36,28,30,32,29,32,25,20,18,4,6,10,11,12,12,24,8,17
2017Y38W,28.77,35.1,25.2,1.97,26,22,16,89,38,63.43,1009.84,1006.66,1003.85,29,11.71,0,598,460,1361,689,116,573,598,114,484,246,149,105,36,42,29,42,33,27,37,32,27,30,22,26,8,4,17,19,14,20,13,11,11
2017Y39W,27.97,33.9,24.4,0,25,23,20,84,46,70.43,1010.84,1008.33,1004.85,22,11.14,0,847,507,1459,799,287,512,847,367,480,308,138,106,39,36,29,67,48,47,42,27,34,28,17,20,7,5,15,20,11,18,19,9,14
2017Y40W,28.97,36.4,25.3,5.34,27,23.29,21,89,44,67.71,1013.83,1009.12,1003.85,22,10.86,0,798,498,1707,691,182,509,798,348,450,379,176,107,64,50,49,54,56,48,58,33,36,31,22,29,18,7,21,15,11,20,15,16,9
2017Y41W,27.46,34.6,24.4,1.97,25,21.43,19,89,49,64.43,1014.83,1011.45,1006.85,36,18.14,0,658,435,1948,484,0,484,658,175,483,484,41,86,69,68,72,75,76,67,57,7,8,5,2,5,9,5,9,16,9,12,11,18,11
2017Y42W,27.09,33,22.3,19.39,23,20.14,16,94,41,62.29,1011.84,1007.38,1001.86,40,24.71,7,697,545,1926,736,242,494,697,228,469,384,145,106,70,39,66,58,49,59,43,18,36,25,27,23,8,8,18,16,24,19,10,11,8
2017Y43W,24,28.6,17.7,0.73,24,17.29,5,94,24,63.14,1012.83,1010.03,1006.85,25,14.71,4,787,549,1442,546,57,489,787,293,494,372,132,89,67,67,50,51,58,41,38,22,22,27,29,17,9,6,21,14,10,17,14,6,7
2017Y44W,21.61,26.9,17.3,0,16,11,2,73,24,50.57,1019.82,1014.91,1008.84,32,14.71,0,805,483,1275,721,232,489,805,350,455,160,128,84,39,29,23,17,18,13,21,22,31,12,15,23,15,10,13,17,5,12,18,11,8
2017Y45W,20.57,28.4,15.4,0.06,17,12.14,7,83,36,55.71,1022.81,1017.15,1010.84,36,18.71,0,828,499,873,673,173,500,828,354,474,98,144,86,16,13,5,15,21,10,18,40,13,22,24,22,18,5,14,9,13,20,12,10,8
2017Y46W,22.41,28.3,18.3,0.59,20,16,8,83,41,62.86,1017.82,1014.29,1010.84,25,13.57,0,645,476,799,729,239,490,645,179,466,94,149,74,8,12,19,13,9,17,16,22,43,25,23,15,12,9,15,7,15,13,9,7,8
2017Y47W,20.53,28.1,14.3,1.27,21,17,9,94,51,74.86,1019.82,1013.17,1005.85,43,13.43,0,692,449,773,675,180,495,692,238,454,99,142,68,19,13,9,13,10,16,19,36,18,25,20,23,15,5,13,7,10,9,11,8,10
2017Y48W,16.26,23,11.6,11.67,17,11.57,1,100,36,70.71,1024.81,1018.54,1011.84,32,13.43,0,674,366,712,649,171,478,674,228,446,107,116,75,17,10,13,25,17,16,9,26,28,21,20,14,4,3,20,4,9,11,14,4,13
2017Y49W,19.76,27.8,16.1,0,20,14.43,10,88,47,67,1019.82,1016.65,1012.83,36,15.86,4,700,376,731,809,299,510,700,230,470,85,128,97,10,8,12,15,12,15,13,26,37,18,17,19,5,6,15,19,15,9,16,12,11
2017Y50W,14.89,21.8,9,0,13,6.86,1,82,35,56,1021.82,1017.81,1013.83,29,16.29,0,779,429,685,557,59,498,779,306,473,76,156,128,12,9,10,7,16,6,16,39,17,31,25,22,14,8,16,17,18,16,17,25,19
2017Y51W,15.36,21.3,10.4,2.04,14,8.43,-2,94,0,59.71,1026.8,1019.29,1014.83,36,18.57,0,625,372,604,664,185,479,625,175,450,72,140,237,11,6,8,9,11,14,13,25,24,27,19,25,12,8,30,37,32,37,32,33,36
2017Y52W,14.51,25.2,9.6,0,14,3.86,-6,94,19,47.86,1028.8,1021.49,1012.83,32,14.43,0,626,317,655,546,59,487,626,177,449,53,120,381,7,8,4,8,9,9,8,34,20,23,21,15,3,4,48,45,32,56,79,48,73
2018Y01W,15.36,21.9,9.8,0,14,8.71,-3,94,30,63,1022.81,1020.16,1017.82,29,12.86,0,651,299,719,665,173,492,651,238,413,54,150,612,8,8,5,5,9,8,11,30,22,32,28,21,13,4,89,87,111,83,71,60,111
2018Y02W,16.84,18.6,13.2,16.1,16,11.71,4,100,40,75.86,1021.82,1016.7,1010.84,29,12,0,838,360,672,526,122,404,838,350,488,37,128,562,9,3,6,4,6,6,3,9,31,22,25,24,11,6,79,86,90,94,68,73,72
2018Y03W,12.65,15,11.5,17.94,18,3.43,-7,100,20,59.57,1028.8,1022.41,1009.84,29,12.86,4,633,357,634,701,173,528,633,186,447,21,124,376,1,4,6,2,1,4,3,24,28,24,15,14,10,9,65,69,53,46,48,37,58
2018Y04W,18.56,17.8,18.5,0.86,16,12.71,9,94,46,73.86,1019.82,1015,1009.84,25,9.29,0,794,413,577,614,116,498,794,352,442,20,144,428,4,6,1,2,2,2,3,27,29,20,24,19,14,11,70,68,63,73,58,50,46
2018Y05W,15.77,15.9,13.9,4,14,10.57,6,94,43,73.86,1019.82,1015.38,1009.84,36,17.57,0,687,241,537,725,228,497,687,234,453,14,155,246,1,4,2,2,1,2,2,48,28,27,20,18,10,4,46,39,48,34,32,19,28
2018Y06W,9.29,9.4,8.7,6.37,11,6.43,0,100,54,81.29,1026.8,1021.41,1015.83,32,14.29,4,574,302,509,705,228,477,574,114,460,17,133,192,2,4,2,2,5,0,2,19,19,22,40,21,6,6,41,32,32,30,16,18,23
2018Y07W,11.76,12.9,9.8,3.1,15,4.57,-7,100,26,65.86,1027.8,1020.19,1012.83,32,15.57,0,624,177,505,646,177,469,624,175,449,3,124,201,0,0,0,1,1,1,0,18,18,28,27,15,5,13,32,33,30,22,26,20,38
2018Y08W,17.51,18.3,16.6,0,18,10,0,100,32,71.57,1027.8,1018.04,1010.84,29,10,0,430,228,461,492,57,435,430,57,373,5,69,165,0,2,1,0,0,1,1,26,16,20,4,0,1,2,28,22,22,27,15,27,24
2018Y09W,16.62,19.7,12.8,0.23,17,11.86,5,100,42,78.86,1020.82,1016.35,1010.84,32,12.71,0,859,408,506,515,57,458,859,354,505,11,63,177,3,2,1,1,0,3,1,3,2,4,13,14,19,8,19,25,25,21,24,37,26
2018Y10W,19.89,19.5,18.7,2.01,21,14.29,8,100,47,79,1020.82,1012.48,1006.85,29,9.43,0,718,232,541,785,230,555,718,241,477,6,126,225,1,2,0,0,1,2,0,22,29,20,22,20,10,3,28,32,33,50,40,25,17
2018Y11W,17.35,22.1,16,2.54,22,10.43,1,100,34,70.86,1023.81,1017.95,1007.85,32,14.29,0,713,304,575,634,116,518,713,232,481,20,122,157,3,3,3,4,1,2,4,26,17,24,15,14,11,15,27,26,26,25,27,19,7
2018Y12W,19.03,18.3,18.1,13.83,19,14.29,11,100,44,78.29,1019.82,1014.94,1010.84,29,8.43,0,643,361,612,645,57,588,643,173,470,22,138,141,0,5,2,4,6,2,3,29,34,22,18,17,13,5,18,23,28,17,19,12,24
2018Y13W,20.31,20.3,19.8,4.61,21,12.14,6,100,32,69,1020.82,1014.77,1006.85,25,10,0,714,421,634,856,238,618,714,242,472,24,166,97,1,5,1,6,4,3,4,36,15,37,25,32,13,8,22,8,14,13,14,13,13
2018Y14W,23,21.8,23.2,0,18,15.43,10,94,39,69.43,1018.82,1013.58,1009.84,40,10.86,0,794,440,711,639,57,582,794,355,439,37,166,104,3,6,5,6,7,5,5,33,24,37,28,27,11,6,19,14,12,15,16,17,11
2018Y15W,22.8,23.7,21.1,6.81,21,15.86,2,100,28,73.14,1023.81,1013.82,1007.85,36,10.86,0,672,492,850,579,0,579,672,230,442,51,115,83,3,3,11,7,15,9,3,26,25,32,9,4,1,18,13,16,12,7,10,12,13
2018Y16W,24.87,25,22.9,3.59,24,18.43,9,100,38,77.29,1018.82,1011.12,1005.85,29,10,0,833,480,1095,623,57,566,833,360,473,41,162,93,9,4,4,7,3,7,7,37,28,41,17,20,12,7,9,19,24,11,9,11,10
2018Y17W,23.21,24.3,21.8,2.44,22,15.86,9,94,39,68.86,1017.82,1013.3,1006.85,22,11.43,0,822,494,887,714,114,600,822,352,470,67,154,78,17,8,11,6,11,5,9,31,40,23,21,23,10,6,18,13,11,9,11,13,3
2018Y18W,25.36,25.8,23.4,14.27,25,19.43,15,100,51,74.29,1015.83,1010.68,1003.85,29,12.29,0,763,502,930,604,116,488,763,289,474,98,163,80,15,17,10,13,7,21,15,31,36,29,21,20,19,7,5,12,7,16,14,16,10
2018Y19W,26.76,26,25.3,8.27,25,20,6,100,28,71.29,1016.83,1011.69,1006.85,36,12.71,0,728,462,873,640,114,526,728,287,441,186,123,72,29,21,23,34,33,22,24,9,9,32,24,35,7,7,5,8,13,17,13,9,7
2018Y20W,25.55,26.5,24.7,14.36,25,20,8,100,38,75.29,1016.83,1010.03,1002.86,32,13.14,0,692,486,1036,545,57,488,692,236,456,277,163,83,22,35,39,50,49,36,46,29,25,30,35,28,11,5,17,13,10,12,13,7,11
2018Y21W,29.72,28.9,29.9,0.94,26,24.29,21,100,52,77.29,1008.84,1005.72,1001.86,25,10.86,4,709,540,1715,690,114,576,709,238,471,543,239,107,60,62,61,71,76,128,85,41,25,65,54,35,5,14,25,15,11,13,18,14,11
2018Y22W,30.22,30.4,29.4,1.41,28,23.86,17,94,44,73.86,1010.84,1006.56,1001.86,29,11.71,4,844,663,2778,649,57,592,844,348,496,660,205,91,97,101,77,92,89,104,100,33,41,32,48,38,8,5,15,20,10,15,11,14,6
2018Y23W,28.99,29,28.3,11.83,27,23.14,17,100,51,75.43,1011.84,1007.89,1003.85,25,12.71,4,771,701,2775,627,59,568,771,291,480,690,151,93,72,79,95,145,106,99,94,35,33,27,25,10,13,8,12,12,17,16,15,13,8
2018Y24W,28.41,27.8,27.3,1.56,26,23.86,22,100,58,79.43,1008.84,1003.75,996.87,25,12.86,4,856,763,2999,802,232,570,856,352,504,647,159,89,98,83,93,111,102,91,69,32,27,30,26,23,14,7,14,14,17,11,14,8,11
2018Y25W,28.03,27.6,27.4,12.7,25,21.14,16,100,38,67.86,1003.85,999.93,993.88,32,17,0,746,698,2524,672,118,554,746,230,516,455,158,95,92,59,65,56,69,58,56,40,27,27,27,27,6,4,18,13,13,14,14,12,11
2018Y26W,27.95,28,26.4,61.8,27,25.29,23,100,59,88.86,1008.84,1003.16,995.87,29,10.29,0,833,564,2041,557,0,557,833,289,544,501,118,82,55,61,66,74,78,81,86,4,28,22,20,27,11,6,9,11,15,19,13,8,7
2018Y27W,30.58,29.1,31.3,3.53,27,24.57,22,94,47,74.43,1009.84,1004.28,998.86,25,10.29,0,774,556,2283,707,173,534,774,287,487,520,152,106,62,87,87,92,55,66,71,40,30,24,20,20,9,9,24,12,21,21,10,7,11
2018Y28W,30.34,28.6,29.9,11.4,27,25.43,23,94,55,77.14,1005.85,1000.35,996.87,29,12.14,0,776,575,2268,749,230,519,776,293,483,504,150,75,72,67,64,79,60,87,75,31,23,31,26,18,11,10,15,10,11,14,7,8,10
2018Y29W,30.22,29.2,30.6,19.04,26,24,20,100,41,72.71,1005.85,1002.98,993.88,29,13.71,0,739,521,2176,636,116,520,739,238,501,379,147,116,54,56,59,52,51,64,43,27,22,26,29,30,7,6,23,23,9,14,20,14,13
2018Y30W,31.16,30.2,32,4.23,26,23.86,21,84,49,68,1004.85,1001.64,996.87,32,16.43,0,781,519,1729,726,179,547,781,295,486,326,170,102,37,46,51,57,40,42,53,33,27,31,36,25,11,7,19,13,11,22,14,18,5
2018Y31W,31.91,30.2,32.5,2.83,27,25.14,23,89,47,71.57,1005.85,1003.03,998.86,22,9.57,4,798,553,1668,696,175,521,798,287,511,315,153,102,45,33,60,46,41,45,45,37,31,21,27,14,8,15,20,10,16,22,10,13,11
2018Y32W,31.86,30.1,32.3,7.77,27,24.86,22,89,47,73.43,1004.85,1001.6,998.86,22,8.29,0,728,486,1522,747,230,517,728,236,492,245,167,100,40,31,37,46,33,29,29,31,26,29,30,34,8,9,14,12,24,15,13,11,11
2018Y33W,31.06,29.8,32.2,0.31,26,24,20,89,41,69.43,1004.85,1001.13,991.88,22,10,0,805,476,1368,661,116,545,805,289,516,200,196,88,37,28,17,39,36,22,21,48,42,28,22,31,14,11,11,16,6,15,16,9,15
2018Y34W,30.48,29.2,30.3,3.23,27,25.43,21,100,47,76.43,1001.86,997.97,993.88,25,11,0,870,457,1178,827,291,536,870,350,520,194,168,101,18,22,19,38,22,39,36,42,37,27,22,20,15,5,11,21,14,21,9,11,14
2018Y35W,29.09,28.7,26.4,57.4,26,25.14,22,100,39,80.14,1001.86,997.53,994.87,25,10.29,0,849,439,1307,828,295,533,849,350,499,207,157,96,27,24,29,44,24,24,35,31,24,35,27,31,6,3,15,12,16,10,14,16,13
2018Y36W,26.84,26.9,25.1,150.36,26,24.71,22,100,52,86.29,1010.84,1004.77,999.86,22,9.71,0,705,366,1300,746,228,518,705,240,465,314,160,108,40,45,41,64,44,39,41,24,33,29,29,27,11,7,17,12,12,20,18,15,14
2018Y37W,29.13,29.9,24.5,14.83,27,24.71,17,100,49,79.86,1012.83,1004.31,998.86,25,10.57,4,776,498,1373,857,291,566,776,293,483,424,170,101,63,58,50,55,64,73,61,27,36,31,29,31,11,5,12,15,11,17,17,18,11
2018Y38W,29.59,29.2,29.7,14.96,26,22.29,18,94,44,67.29,1011.84,1006.69,998.86,43,19.86,4,781,482,1790,864,295,569,781,287,494,478,146,95,51,52,78,67,78,81,71,37,24,26,20,25,8,6,13,24,10,18,13,8,9
2018Y39W,30.27,28.7,30.6,7.54,26,24.71,20,100,46,76.29,1013.83,1010.36,1005.85,25,9.43,0,737,494,2017,704,120,584,737,240,497,676,132,79,80,92,81,93,110,112,108,29,18,35,18,18,10,4,12,16,14,15,14,5,3
2018Y40W,27.97,26.6,28.1,0.17,23,18.43,12,94,28,60.71,1011.84,1007.51,1002.86,32,14.71,0,777,590,2606,520,0,520,777,291,486,517,196,102,126,115,67,48,53,60,48,5,28,40,22,41,19,41,13,6,8,12,9,10,44
2018Y41W,26.99,25.2,27.5,0,21,16,11,83,28,56.43,1015.83,1011.76,1004.85,29,14.57,0,651,363,1675,561,57,504,651,173,478,319,40,52,50,53,57,53,38,40,28,6,7,9,3,6,5,4,10,2,8,7,10,10,5
2018Y42W,24.23,24.4,22.8,3.14,21,17.29,12,94,50,67.29,1019.82,1014.77,1009.84,29,17,4,675,483,1195,574,0,574,675,179,496,194,174,93,30,27,19,29,36,32,21,34,35,37,23,26,13,6,14,19,13,11,10,20,6
2018Y43W,23,22.3,21.9,3.83,21,17.29,13,100,51,71.57,1019.82,1014.62,1009.84,29,15.14,4,638,460,1229,690,114,576,638,173,465,217,140,64,29,22,34,33,32,35,32,32,21,24,23,24,13,3,14,4,11,13,11,6,5
2018Y44W,24.5,24.2,24.5,0.76,22,17.57,8,94,30,71.14,1018.82,1015.08,1011.84,29,10.86,4,738,496,1309,580,0,580,738,234,504,194,169,62,20,34,25,32,31,33,19,40,20,32,34,21,15,7,11,6,16,10,7,6,6
2018Y45W,21.86,22.5,18.5,12.19,20,12.71,3,100,21,63.14,1016.83,1014.67,1010.84,32,17.29,0,724,460,1113,523,0,523,724,234,490,146,194,61,27,18,14,25,20,24,18,40,30,36,28,38,8,14,7,11,8,6,8,11,10
2018Y46W,24.71,24,23.3,0.2,22,19.43,16,94,55,77.14,1019.82,1015.74,1011.84,25,10,0,646,465,897,507,0,507,646,175,471,194,174,89,26,24,31,28,22,34,29,45,29,35,25,27,10,3,7,16,13,12,21,8,12
2018Y47W,21.97,21.7,21.2,0.51,20,17.57,15,94,57,77.57,1017.82,1014.57,1010.84,29,13.29,0,774,450,1072,495,0,495,774,297,477,156,140,83,24,12,31,29,20,19,21,32,23,22,25,23,9,6,8,12,11,14,10,14,14
2018Y48W,20.81,20.6,20.8,4.89,20,15.57,11,94,57,74.57,1021.82,1017.27,1010.84,29,13.86,0,759,461,1007,567,0,567,759,289,470,161,155,71,28,18,17,24,33,21,20,29,16,38,26,28,10,8,13,12,9,9,12,12,4
2018Y49W,20.74,20.2,19.9,2.87,19,14.71,8,100,38,74.57,1022.81,1017.84,1012.83,22,9.43,0,665,397,925,584,57,527,665,175,490,151,143,88,25,19,23,29,15,18,22,34,22,31,26,16,5,9,9,12,11,8,20,12,16
2018Y50W,20.75,23.4,17.5,3.33,21,15.71,10,100,48,75.57,1022.81,1017.17,1011.84,43,16.71,0,793,377,1036,630,57,573,793,293,500,146,182,68,18,15,15,36,24,23,15,40,23,42,32,22,16,7,10,15,14,8,8,9,4
2018Y51W,17.89,19.3,15.2,0,17,13,9,94,54,75.86,1025.81,1021.13,1014.83,32,13.29,0,618,460,887,842,291,551,618,171,447,126,181,97,17,9,17,22,22,19,20,45,28,24,29,36,10,9,14,9,16,6,33,9,10
2018Y52W,19.88,20.2,19.7,4.91,19,12.43,-1,94,23,69.43,1023.81,1017.57,1011.84,36,10.71,0,700,327,851,766,234,532,700,236,464,81,154,81,12,15,8,13,5,15,13,34,23,22,34,30,7,4,22,8,10,10,13,9,9
2019Y01W,15.3,17.9,12.8,1.94,18,10.57,0,100,47,73,1027.8,1019.43,1009.84,36,20.43,4,643,434,774,756,232,524,643,238,405,55,158,80,9,4,7,7,10,12,6,25,30,33,18,23,18,11,16,13,16,9,14,6,6
2019Y02W,16.3,22.22,12.78,8.69,17.22,12.26,7.78,100,56,76.98,1025.28,1020.3,1015.49,18,9.83,2,590,357,742,598,116,482,590,116,474,58,103,64,13,7,5,6,11,8,8,7,6,33,19,26,7,5,7,9,11,8,12,7,10
2019Y03W,17.61,22.78,15,0,17.78,13.98,11.11,100,60,80.12,1022.24,1016.77,1012.45,18,7.01,0,754,356,713,577,57,520,754,352,402,50,143,74,9,9,5,7,6,8,6,24,27,32,21,19,9,11,12,15,6,9,15,13,4
2019Y04W,16.18,22.78,11.11,0.57,17.22,11.19,5,100,43,73.09,1022.24,1016.83,1012.45,18,8.34,0,826,302,730,631,114,517,826,356,470,52,149,83,9,11,5,9,6,8,4,42,30,23,21,21,8,4,12,12,5,10,14,15,15
2019Y05W,14.47,22.22,7.78,0,12.22,7.59,2.22,88,35,64.69,1020.22,1017.54,1015.49,18,6.62,0,689,306,639,857,346,511,689,232,457,30,149,89,5,1,5,7,0,10,2,31,30,19,22,24,15,8,6,7,10,17,19,15,15
2019Y06W,15.62,27.78,10,0.93,16.11,9.86,3.89,94,43,70.18,1024.27,1018.35,1012.45,20,7.81,0,827,417,569,814,287,527,827,344,483,18,151,108,5,2,3,3,2,1,2,28,23,28,23,18,21,10,13,12,13,22,17,11,20
2019Y07W,17.6,27.78,12.78,0.13,18.89,13.51,7.78,100,54,77.97,1018.19,1013.15,1007.38,18,5.8,0,516,114,507,449,0,449,516,57,459,32,14,88,1,0,5,4,7,8,7,5,0,1,4,0,3,1,12,7,11,10,17,16,15
2019Y08W,16.2,23.89,12.22,0.11,16.11,11.94,8.89,94,56,76.46,1023.26,1018.67,1012.45,16,7.45,0,811,301,664,799,297,502,811,291,520,33,138,178,2,5,4,6,4,6,6,26,20,22,15,41,7,7,11,33,29,26,25,28,26
2019Y09W,16.24,22.78,12.78,16.76,17.78,14.09,10,100,69,87.32,1019.2,1014.91,1010.42,16,6.51,0,754,239,673,791,243,548,754,240,514,37,167,191,3,3,6,7,7,5,6,36,26,36,27,22,14,6,26,37,23,28,33,20,24
2019Y10W,15.67,22.22,10,6.36,16.11,12.4,8.89,100,60,81.5,1017.51,1013.67,1008.39,18,7.49,0,755,354,655,770,175,595,755,232,523,67,165,147,8,9,14,11,7,12,6,28,43,29,29,21,11,4,29,24,16,28,18,14,18
2019Y11W,15.66,25,10,52.53,17.78,13.36,5,100,58,86.91,1017.51,1011.38,1004.34,20,7.55,0,662,297,696,881,295,586,662,183,479,81,149,134,12,10,10,17,16,5,11,30,25,26,19,34,8,7,25,11,20,29,14,17,18
2019Y12W,17.02,25,12.22,5.56,16.11,13.38,7.22,100,38,81.37,1020.22,1012.7,1005.35,18,5.53,0,826,376,777,901,342,559,826,289,537,95,222,126,12,8,6,13,25,13,18,34,33,34,49,38,26,8,14,23,23,19,14,18,15
2019Y13W,19.74,28.89,13.89,0.63,21.11,14.59,0,100,32,73.91,1018.19,1011.71,1003.33,16,6.8,0,802,429,832,801,228,573,802,291,511,119,229,110,15,13,11,12,16,27,25,74,32,36,38,27,13,9,18,25,12,8,20,12,15
2019Y14W,18.13,30,11.11,5.63,21.11,14.86,7.78,100,55,82.32,1018.19,1012.28,1003.33,20,7,0,715,382,932,788,293,495,715,241,474,165,195,99,21,13,19,27,26,30,29,48,31,38,28,28,12,10,11,22,11,21,16,11,7
2019Y15W,19.23,26.11,12.78,0,17.78,14.3,8.89,94,53,73.61,1020.22,1013.58,1006.37,22,8.66,2,728,432,1019,891,350,541,728,236,492,219,178,81,13,9,38,42,37,47,33,41,33,45,28,11,11,9,14,11,14,13,15,5,9
2019Y16W,22.28,32.22,16.11,15.67,22.78,19.21,13.89,100,55,83.58,1014.47,1007.57,1002.31,20,6.74,0,732,394,1194,862,348,514,732,234,498,293,179,70,19,39,47,58,56,45,29,32,28,26,43,32,12,6,8,16,14,6,5,10,11
2019Y17W,19.98,27.22,15,63.89,21.11,16.08,10,100,36,79.74,1013.46,1009.14,1002.31,20,6.06,0,666,390,1281,866,295,571,666,171,495,341,184,77,39,44,39,48,74,56,41,33,36,19,32,31,20,13,11,10,11,14,9,7,15
2019Y18W,25.74,33.89,20,16.96,25,22.32,20,100,46,82.85,1010.42,1004.15,1000.29,16,5.5,0,639,473,1366,736,240,496,639,177,462,492,222,93,65,59,88,88,87,61,44,43,34,31,38,29,14,33,16,13,18,12,9,7,18
2019Y19W,23.44,32.22,17.78,11.7,23.89,18.11,3.89,94,29,73.53,1012.45,1007.69,998.6,20,8.18,0,757,403,1529,667,177,490,757,240,517,345,121,48,44,58,83,52,42,41,25,34,35,12,4,8,6,22,5,6,5,7,6,9,10
2019Y20W,20.86,27.78,17.22,9.73,21.11,15.3,0,100,25,72.59,1011.43,1007.29,1003.33,20,8.39,0,790,486,1192,622,59,563,790,289,501,241,203,76,51,28,24,25,39,31,43,50,36,23,37,28,18,11,6,12,19,14,12,7,6
2019Y21W,25.86,32.22,20,22.04,27.22,21.9,11.11,100,35,79.98,1009.41,1004.45,998.6,16,5.69,0,773,520,1180,848,287,561,773,289,484,356,236,68,30,36,59,62,48,54,67,47,38,36,39,45,19,12,14,9,13,7,11,4,10
2019Y22W,24.98,33.89,20,27.8,27.22,21.19,12.22,100,44,80.32,1009.41,1004.73,998.6,22,5.12,0,885,521,1438,873,297,576,885,352,533,343,224,100,63,46,41,65,41,44,43,50,24,46,51,29,15,9,15,14,10,11,25,16,9
2019Y23W,25.1,32.78,18.89,43.7,26.11,21.63,16.11,100,54,81.99,1009.41,1005.55,1001.3,18,5.58,0,812,520,1472,742,175,567,812,302,510,319,218,86,50,37,40,53,40,61,38,56,30,29,37,46,11,9,16,9,16,10,15,12,8
2019Y24W,28.1,32.78,25,19.77,26.11,24.81,22.22,100,58,83.21,1007.38,1003.52,999.27,16,5.74,0,727,527,1559,807,245,562,727,238,489,337,160,70,42,23,53,37,89,48,45,37,38,29,31,8,10,7,12,10,13,14,11,5,5
2019Y25W,26.16,35,21.11,39.56,27.22,23.6,20,100,53,86.07,1004.34,1000.15,996.57,16,6.58,0,870,553,1719,814,232,582,870,296,574,308,223,110,43,44,44,47,44,53,33,22,65,61,26,28,9,12,7,12,15,30,14,15,17
2019Y26W,28.51,35,22.22,20.63,27.22,23.82,15,100,38,76.37,1006.37,1002.54,997.58,18,7.39,0,844,551,1629,849,230,619,844,297,547,336,257,85,38,47,55,47,57,54,38,55,55,38,42,27,25,15,13,12,14,12,15,12,7
2019Y27W,27.57,35,22.78,17.21,27.22,25.03,22.22,100,56,86.23,1005.35,999.76,994.54,16,6.45,0,841,500,1610,858,295,563,841,300,541,313,209,77,54,34,46,45,40,44,50,57,38,34,33,25,12,10,12,10,14,8,14,8,11
2019Y28W,29.76,36.11,26.11,46.8,27.22,25.64,23.89,100,50,78.79,1005.35,999.26,995.56,16,7.23,0,937,482,1410,816,293,523,937,411,526,248,210,99,33,39,30,52,40,29,25,47,25,37,44,33,14,10,6,14,17,22,16,12,12
2019Y29W,29.69,33.89,27.22,29.51,27.22,25.77,25,94,59,79.38,1005.35,1000.01,995.56,18,9.39,2,953,454,1211,875,354,521,953,422,531,237,210,103,23,15,59,39,33,38,30,41,42,32,40,34,7,14,14,16,19,18,16,11,9
2019Y30W,30.75,37.22,26.11,24.8,27.78,25.28,22.22,100,44,73.34,1002.31,997.51,991.5,20,7.55,2,741,430,1214,873,355,518,741,234,507,242,195,82,35,31,27,31,37,45,36,48,39,19,37,34,14,4,17,15,17,9,7,9,8
2019Y31W,29.23,36.11,26.11,15.81,27.22,25.38,22.78,94,56,80.13,1004.34,1001.66,998.6,13,5.55,0,943,472,1076,757,234,523,943,417,526,187,180,94,24,28,23,32,26,31,23,38,34,41,26,20,8,13,19,17,14,6,13,16,9
2019Y32W,29.9,35,26.11,16.51,26.11,24.6,22.78,94,49,74.09,1004.34,1001.09,996.57,18,5.8,0,773,433,1113,748,238,510,773,237,536,191,205,87,21,29,26,32,34,20,29,39,31,40,33,27,23,12,12,10,11,18,16,14,6
2019Y33W,31.93,38.89,25,4,27.22,24.26,22.22,100,37,65.12,999.27,993.49,985.42,25,9.63,2,737,469,994,805,291,514,737,228,509,132,215,93,23,21,12,29,17,14,16,49,32,28,36,48,16,6,19,22,14,11,12,9,6
2019Y34W,29.97,37.22,25,9.26,27.22,25.44,22.78,100,47,77.3,1001.3,997.08,992.52,16,5.58,2,732,440,959,787,289,498,732,230,502,125,204,76,11,21,22,24,22,20,5,44,44,36,40,23,12,5,14,10,14,6,10,10,12
2019Y35W,29.56,35,26.11,50.27,27.22,24.39,22.22,100,49,75.1,1003.33,999.59,991.5,29,10.53,0,809,431,753,719,177,542,809,291,518,98,175,88,15,12,20,17,11,10,13,32,39,29,31,28,7,9,11,15,15,13,12,12,10
2019Y36W,30.1,36.11,27.22,22.99,27.22,25.31,22.78,94,53,75.84,1006.37,1003.1,999.27,18,7.61,0,741,432,735,846,295,551,741,230,511,138,189,97,10,13,17,28,28,16,26,37,39,32,32,27,13,9,13,16,11,17,20,11,9
2019Y37W,29.4,35,23.89,17.01,26.11,24.19,22.22,94,52,74.54,1006.37,1000.34,994.54,18,6.73,0,627,363,754,838,287,551,627,120,507,192,176,106,31,23,24,28,27,29,30,34,34,27,35,26,13,7,17,15,16,13,21,17,7
2019Y38W,29.89,35,23.89,1.69,26.11,23.84,22.22,94,49,70.8,1008.39,1003.99,999.27,16,7.93,0,608,305,791,605,116,489,608,120,488,233,154,94,26,25,35,45,42,28,32,53,22,36,25,3,7,8,25,20,11,19,8,9,2
2019Y39W,28.29,33.89,22.78,0.57,22.78,17.97,8.89,83,23,55.78,1011.43,1004.45,998.6,18,9.27,2,772,335,908,703,175,528,772,289,483,236,176,80,24,34,48,39,43,27,21,29,32,40,26,31,8,10,12,16,13,17,11,8,3
2019Y40W,26.84,32.78,22.22,0.13,22.78,18.27,12.22,78,31,60.02,1015.49,1011.73,1005.35,16,8.51,2,731,378,803,688,181,507,731,232,499,128,188,92,18,19,20,25,17,18,11,43,28,26,32,26,14,19,14,15,15,16,5,15,12
2019Y41W,29.29,37.22,25,0.26,26.11,22.29,17.22,94,32,67.96,1013.46,1006.41,1000.29,22,8.01,0,618,230,643,502,57,445,618,171,447,158,73,72,19,17,19,27,23,29,24,34,7,9,2,6,6,9,15,12,8,5,9,15,8
2019Y42W,27,32.22,22.78,1.96,22.78,21.29,18.89,89,46,71.55,1013.46,1009.79,1004.34,18,7.5,2,693,413,614,718,236,482,693,228,465,110,176,92,12,17,11,11,19,17,23,8,30,38,28,41,27,4,12,16,15,11,17,14,7
2019Y43W,24.27,28.89,21.11,0,18.89,15.87,7.78,73,30,59.98,1017.51,1014.09,1010.42,20,11.81,2,747,418,618,873,350,523,747,289,458,123,207,67,28,17,18,19,16,14,11,31,33,53,39,30,14,7,12,13,8,9,15,8,2
2019Y44W,23.31,27.78,17.78,0,20,16.12,12.22,83,42,64.37,1015.49,1011.13,1006.37,18,8.34,0,687,359,606,825,299,526,687,228,459,86,194,68,5,14,11,13,16,17,10,48,30,36,25,38,8,9,9,18,9,10,10,8,4
2019Y45W,23.6,28.89,18.89,0.27,20,14.61,8.89,88,32,58.38,1015.49,1011.79,1008.39,18,8.74,0,701,531,919,849,346,503,701,232,469,71,182,52,11,10,11,13,9,11,6,38,39,32,24,30,14,5,6,12,6,6,8,7,7
2019Y46W,21.79,27.78,16.11,0,16.11,11.81,6.11,78,32,54.36,1016.5,1011.26,1006.37,20,11.37,2,538,959,765,788,301,487,538,171,367,40,199,61,7,5,5,6,3,10,4,41,28,38,32,33,17,10,12,9,8,10,8,7,7
2019Y47W,20.99,27.22,15,0,20,13.99,7.22,94,34,65.84,1018.19,1012.89,1007.38,20,6.88,0,659,362,545,755,287,468,659,230,429,44,170,72,7,3,5,10,6,8,5,32,33,31,23,33,12,6,17,11,7,8,17,7,5
2019Y48W,21.36,27.78,17.22,0,20,14.43,5,94,38,66.24,1018.19,1013.56,1009.41,20,9.45,0,626,366,546,775,296,479,626,171,455,37,185,85,9,7,7,5,2,5,2,43,31,31,27,28,17,8,10,20,14,11,14,11,5
2019Y49W,19.59,27.22,15,0,17.22,13.2,7.78,94,46,67.16,1021.23,1016.99,1010.42,20,9.57,0,560,350,530,642,177,465,560,114,446,30,201,72,5,4,3,3,3,5,7,47,33,32,27,28,18,16,11,12,10,11,10,10,8
2019Y50W,14.63,21.11,8.89,13.19,11.11,3.91,-5,94,17,51.64,1023.26,1020.03,1015.49,20,11.16,2,626,356,494,647,177,470,626,171,455,29,186,83,6,6,0,5,5,1,6,39,26,25,31,30,22,13,17,10,8,15,8,10,15
2019Y51W,17.22,23.89,11.11,0,15,10.03,2.78,100,33,64.46,1021.23,1016.86,1011.43,18,6.05,0,580,295,522,797,293,504,580,114,466,22,178,127,2,0,1,5,5,5,4,36,38,37,28,21,10,8,19,12,23,21,16,17,19
2019Y52W,18.96,26.11,15,2.53,17.78,14.95,10,100,53,78.15,1018.19,1014.43,1007.38,18,6.01,0,546,234,579,757,238,519,546,57,489,33,213,207,3,6,3,5,9,6,1,52,45,37,28,30,17,4,29,31,34,31,27,30,25
2020Y01W,17.52,23.89,11.11,25.9,17.78,13.03,6.11,100,52,75.69,1019.2,1014.5,1009.41,18,7.42,0,602,186,521,618,116,502,602,114,488,20,194,173,5,2,5,2,4,1,1,51,33,35,32,27,11,5,21,20,31,32,27,20,22
2020Y02W,16.79,22.22,10,3.9,17.78,12.93,7.78,100,56,79.07,1026.3,1019.64,1014.47,27,6.81,0,524,344,495,667,179,488,524,57,467,26,181,169,5,7,4,3,2,3,2,60,14,15,45,26,12,9,40,9,30,16,29,27,18
2020Y03W,17.29,26.11,12.22,0,17.78,13.07,6.11,100,33,77.49,1018.19,1013.97,1009.41,18,6.65,0,534,234,559,677,173,504,534,57,477,30,196,139,1,3,6,6,4,3,7,44,43,31,40,17,17,4,18,24,21,23,25,14,14
2020Y04W,14.45,17.78,12.22,0,16.11,9.37,3.89,100,52,72.67,1019.2,1015.47,1006.37,16,8.56,2,566,175,469,649,177,472,566,114,452,16,212,127,3,1,2,1,3,5,1,51,28,36,24,28,13,32,22,18,18,18,19,14,18
2020Y05W,13.9,21.11,7.78,0,20,6.67,-2.78,100,26,63.78,1026.3,1018.34,1011.43,22,8.33,0,847,291,571,626,120,506,847,57,790,9,107,143,0,1,1,0,4,1,2,42,27,21,11,2,4,0,24,26,21,21,16,17,18
2020Y06W,17.2,28.89,7.22,0,20,10.97,-1.11,94,33,68.85,1025.28,1017.65,1011.43,20,6.12,0,1065,116,489,609,175,434,1065,230,835,1,39,84,0,1,0,0,0,0,0,6,7,3,6,8,1,8,13,10,22,9,9,14,7
2020Y07W,16.64,26.11,11.11,0,18.89,12.19,3.89,100,52,75.42,1022.24,1015.88,1011.43,13,5.64,0,907,59,497,568,114,454,907,171,736,1,65,47,0,1,0,0,0,0,0,10,7,10,10,16,5,7,10,12,6,8,1,8,2
2020Y08W,13.37,17.78,7.78,0,12.78,7.84,-2.78,100,27,70.95,1021.23,1018.44,1015.49,20,6.74,0,983,230,506,558,118,440,983,291,692,3,61,35,1,1,0,0,0,1,0,14,5,8,10,13,8,3,5,4,4,5,3,5,9
2020Y09W,15.49,22.22,7.22,0,18.89,9.91,0,100,36,70.49,1025.28,1017.59,1009.41,16,6.42,0,709,297,460,566,114,452,709,175,534,2,82,26,0,0,0,0,1,0,1,14,18,8,10,20,6,6,3,3,0,4,7,5,4
2020Y10W,18.21,27.78,11.11,0.39,18.89,14.61,7.22,100,53,80.86,1024.27,1014.17,1007.38,16,5.21,0,594,238,489,616,175,441,594,57,537,2,84,35,0,1,0,0,1,0,0,14,12,20,13,11,11,3,5,4,5,6,7,4,4
2020Y11W,16.76,25,11.11,6.83,17.22,12.17,7.78,94,56,75.29,1020.22,1013.82,1005.35,20,8.58,0,666,354,466,683,230,453,666,173,493,0,114,74,0,0,0,0,0,0,0,21,14,25,21,15,10,8,2,6,26,21,6,6,7
2020Y12W,17.96,27.78,13.89,7.73,20,13.86,7.78,100,49,78.47,1018.19,1011.93,1000.29,16,7.64,0,816,291,448,762,287,475,816,346,470,1,100,45,0,0,0,0,0,1,0,21,12,22,8,17,11,9,10,3,6,17,4,4,1
2020Y13W,19.59,31.11,12.78,11.54,20,15.16,7.78,100,38,77.42,1018.19,1012.06,1004.34,13,4.35,0,708,295,459,793,302,491,708,230,478,2,117,34,0,1,0,0,0,1,0,20,24,21,17,20,13,2,4,5,6,2,7,4,6
2020Y14W,20.27,27.78,12.78,2.79,22.22,15.6,7.22,94,34,75.73,1014.47,1010.68,1006.37,18,7.07,0,659,359,476,646,177,469,659,171,488,2,124,40,2,0,0,0,0,0,0,23,28,20,15,22,9,7,3,4,8,5,5,7,8
2020Y15W,16.78,22.22,13.89,4.66,17.22,13.46,3.89,100,45,82.35,1019.2,1013.41,1007.38,18,6.91,0,539,228,389,623,175,448,539,57,482,1,132,37,0,1,0,0,0,0,0,22,21,34,22,19,5,9,9,7,4,6,2,7,2
2020Y16W,18.19,26.11,12.22,2.34,17.22,10.88,1.11,94,23,65.57,1016.5,1012.95,1008.39,16,5.61,0,697,236,450,649,171,478,697,230,467,4,140,42,0,2,0,0,0,1,1,8,29,25,22,32,12,12,2,7,10,8,8,1,6
2020Y17W,21.92,32.22,13.89,0,22.78,14.31,2.22,100,25,64.42,1015.49,1010.72,1004.34,13,5.59,0,704,297,473,831,348,483,704,232,472,5,161,32,0,0,0,2,1,2,0,31,26,28,26,36,8,6,9,4,9,3,2,3,2
2020Y18W,19.86,27.78,15,4.29,22.22,14.37,3.89,100,29,72.48,1017.51,1012.49,1006.37,18,8.32,0,830,291,463,707,230,477,830,360,470,1,196,42,0,0,0,0,0,0,1,40,44,29,30,23,9,21,9,4,7,5,7,4,6
2020Y19W,24.77,35,17.78,0,23.89,17.75,7.22,94,25,66.93,1015.49,1009.33,1000.29,16,6.22,0,643,118,459,738,293,445,643,171,472,8,151,48,1,0,2,2,0,1,2,16,39,43,35,8,6,4,8,9,7,9,5,6,4
2020Y20W,26.86,33.89,22.78,40.29,27.22,23.97,21.11,100,59,85.23,1007.38,1003.59,1000.29,16,5.77,0,739,236,489,681,232,449,739,232,507,5,138,50,2,0,1,0,0,1,1,7,11,26,35,32,17,10,8,2,8,12,7,5,8
2020Y21W,27.13,36.11,22.22,13.94,26.11,20.97,6.11,100,26,70.92,1010.42,1005.16,996.57,20,7.2,2,787,413,492,750,287,463,787,289,498,4,158,66,1,0,1,1,0,0,1,35,27,25,32,24,8,7,10,9,12,14,5,8,8
2020Y22W,24.64,30,21.11,104.19,25,21.96,18.89,100,58,85.34,1006.37,1002.01,997.58,18,5.91,0,767,409,472,623,179,444,767,291,476,1,169,67,0,0,0,0,0,0,1,27,20,39,37,26,10,10,13,5,12,14,13,4,6
2020Y23W,26.16,32.78,22.22,34.89,27.22,23.17,18.89,100,65,84.24,1008.39,1005.62,1000.29,16,5.22,0,675,357,559,615,175,440,675,173,502,2,205,78,0,0,0,1,0,1,0,47,29,28,42,30,16,13,12,8,13,9,12,16,8
2020Y24W,28.94,33.89,25,33.39,27.22,25.48,23.89,100,59,81.96,1007.38,1003.01,1000.29,18,7.24,2,671,295,509,695,236,459,671,173,498,9,214,66,2,2,1,2,1,1,0,40,44,39,29,39,12,11,14,11,12,11,7,4,7
2020Y25W,28.38,33.89,25,38.63,27.78,25.29,23.89,100,56,84.11,1008.39,1003.42,999.27,16,5.9,0,660,175,497,817,352,465,660,171,489,4,223,76,0,0,1,1,0,1,1,34,46,47,30,35,19,12,13,13,9,9,8,9,15
2020Y26W,31.02,37.22,26.11,16.27,27.22,25.33,22.78,94,50,72.42,1008.39,1002.65,997.58,16,8.08,0,603,411,504,655,173,482,603,118,485,5,222,71,3,2,0,0,0,0,0,60,37,40,30,30,15,10,15,12,7,10,11,6,10
2020Y27W,31.26,37.22,27.22,43.99,27.78,26.03,23.89,94,50,74.01,1005.35,1001.31,998.6,16,8.33,2,584,354,487,733,289,444,584,116,468,2,139,78,1,0,0,1,0,0,0,28,39,24,8,4,6,30,8,10,9,6,8,8,29
2020Y28W,30.57,36.11,27.22,3.46,27.78,25.88,22.78,100,47,76.26,1005.35,1001.66,997.58,16,8.31,2,721,352,475,662,179,483,721,234,487,4,152,75,0,1,0,0,0,1,2,29,22,32,21,24,15,9,12,13,16,8,9,7,10
2020Y29W,30.79,37.22,27.22,9.06,27.22,25.83,23.89,89,50,74.98,1004.34,1001.3,997.58,18,9.08,2,749,234,513,812,362,450,749,293,456,4,178,69,0,0,0,1,2,1,0,29,30,23,40,28,23,5,11,14,15,10,10,4,5
2020Y30W,31.3,37.78,27.22,1.6,27.22,25.76,23.89,94,50,72.85,1004.34,1001.35,998.6,18,7.37,2,703,118,512,651,177,474,703,232,471,4,184,67,0,0,1,1,0,0,2,33,37,30,34,25,12,13,9,10,4,12,16,6,10
2020Y31W,31.29,37.22,27.22,0.43,27.22,25.64,22.78,100,50,72.33,1007.38,1003.45,999.27,16,7.04,0,707,360,492,797,353,444,707,239,468,12,182,85,1,0,2,2,1,4,2,35,29,31,26,33,13,15,8,11,14,13,19,12,8
2020Y32W,30.74,36.11,27.22,4.73,27.22,25.73,23.89,94,53,74.71,1005.35,1002.7,999.27,20,6.63,2,655,291,577,855,367,488,655,175,480,12,212,86,4,3,2,1,1,1,0,41,44,32,29,36,18,12,12,14,14,10,17,13,6
2020Y33W,30.16,36.11,26.11,215.27,27.22,25.04,22.78,94,50,74.95,1008.39,1002.84,997.58,16,6.45,0,727,120,587,659,171,488,727,238,489,8,182,82,2,1,1,1,2,0,1,43,24,32,34,31,15,3,13,17,18,10,10,8,6
2020Y34W,29.82,37.22,23.89,33.46,27.22,25.01,22.78,100,47,76.16,1010.42,1003.35,996.57,25,7.12,0,767,287,509,713,234,479,767,295,472,19,189,94,5,3,1,2,2,4,2,46,25,24,27,36,23,8,17,11,12,15,15,13,11
2020Y35W,30.57,35,26.11,1.44,27.22,25.02,22.22,94,49,72.79,1006.37,1003.8,1001.3,18,6.6,0,715,299,534,774,293,481,715,236,479,19,201,86,6,2,1,2,4,3,1,39,27,41,42,31,10,11,12,10,10,17,15,14,8
2020Y36W,29.68,36.11,26.11,2.29,27.22,25.81,23.89,100,56,79.98,1003.33,998.13,993.53,16,5.79,0,845,244,550,763,293,470,845,354,491,23,188,71,1,2,3,4,7,3,3,42,33,38,21,31,17,6,6,24,10,6,9,5,11
2020Y37W,30.21,37.22,22.22,0.29,27.78,24.3,18.89,94,49,71.37,1006.37,1001.03,996.57,18,6.26,0,578,359,580,639,175,464,578,116,462,28,209,80,2,2,2,7,8,3,4,50,36,39,31,30,14,9,9,14,13,12,16,10,6
2020Y38W,28.06,32.78,25,53.26,27.22,25.04,22.22,100,59,84.21,1009.41,1005.14,1000.29,16,5.8,0,651,360,535,714,230,484,651,173,478,71,218,75,6,8,6,9,7,15,20,40,42,30,32,44,17,13,13,13,10,12,8,8,11
2020Y39W,29.17,36.11,25,14.59,26.11,24.34,20,94,39,76.16,1010.42,1006.45,1002.31,16,6.99,0,707,363,776,610,114,496,707,232,475,97,201,62,10,9,16,17,8,20,17,34,35,29,36,46,11,10,6,9,11,7,11,10,8
2020Y40W,25.67,30,22.22,76.33,22.78,19.93,15,94,54,70.91,1010.42,1007.06,1004.34,16,8.48,0,729,372,929,706,236,470,729,230,499,122,282,51,13,13,15,23,29,15,14,48,58,30,40,41,35,30,10,13,7,6,5,5,5
2020Y41W,25.53,32.78,22.22,8.43,23.89,19.88,13.89,94,49,71.49,1009.41,1006.17,1002.31,16,6.83,0,636,305,870,566,116,450,636,171,465,191,172,53,17,14,27,23,31,28,51,50,52,37,6,8,8,11,11,5,9,9,4,9,6
2020Y42W,25.02,31.11,21.11,0.03,22.78,16.24,12.78,83,42,58.52,1013.46,1009.94,1004.34,20,12.42,2,577,376,923,644,173,471,577,116,461,245,131,71,51,41,29,41,35,21,27,4,10,10,23,45,31,8,4,8,13,9,14,12,11
2020Y43W,25.04,30,22.78,0,20,16.91,13.89,73,48,60.64,1014.47,1010.92,1005.35,18,12.03,4,794,382,732,815,352,463,794,354,440,198,189,73,42,24,19,33,31,18,31,34,33,29,35,36,13,9,12,7,6,8,27,7,6
2020Y44W,23.34,28.89,18.89,0,18.89,14.13,2.78,83,24,57.17,1014.47,1010.16,1004.34,20,12.45,2,635,449,751,627,173,454,635,171,464,168,188,69,15,10,27,44,23,19,30,39,37,31,37,25,12,7,22,8,17,4,9,2,7
2020Y45W,23.72,30,18.89,0,17.78,14.96,7.78,73,42,58.26,1016.5,1012.58,1007.38,18,10.65,0,518,399,705,697,230,467,518,57,461,172,216,67,28,15,23,45,28,20,13,39,51,37,41,17,19,12,14,8,18,9,9,3,6
2020Y46W,23.17,28.89,18.89,1.57,20,14.59,2.22,88,27,59.68,1016.5,1012.76,1007.38,20,10.34,0,565,373,654,613,173,440,565,114,451,125,259,88,24,14,10,22,22,17,16,47,44,55,43,46,16,8,5,8,8,9,42,13,3
2020Y47W,21.46,27.22,17.78,0.3,17.78,11.79,6.11,83,38,54.69,1019.2,1015.98,1012.45,22,13.89,2,576,302,691,577,118,459,576,114,462,100,226,85,22,20,3,19,16,10,10,46,46,34,32,39,19,10,8,7,7,3,47,9,4
2020Y48W,24.07,30,20,0,23.89,19.46,17.22,100,51,76.37,1016.5,1010.86,1005.35,18,6.19,0,655,435,777,646,173,473,655,171,484,143,225,79,14,15,14,24,19,30,27,32,51,31,47,45,13,6,16,26,7,6,11,7,6
2020Y49W,21.75,28.89,17.22,0.04,18.89,15.25,10,88,50,66.72,1021.23,1016.75,1012.45,20,10.84,0,717,432,806,752,291,461,717,232,485,163,193,76,29,22,25,19,23,22,23,43,32,30,28,37,17,6,15,10,19,5,16,8,3
2020Y50W,18.34,23.89,15,0,12.78,9.61,6.11,72,38,56.98,1021.23,1017.55,1013.46,22,13.46,4,616,371,616,704,236,468,616,171,445,136,216,62,9,20,12,23,31,24,17,24,40,47,30,43,20,12,8,12,12,6,9,5,10
2020Y51W,19.17,23.89,15,2.19,16.11,13.98,12.22,94,53,72.39,1018.19,1013.63,1008.39,20,8.41,0,649,236,666,682,232,450,649,175,474,129,213,78,22,18,19,20,18,15,17,34,44,37,32,48,10,8,13,11,18,14,6,7,9
2020Y52W,14.74,18.89,12.22,3.27,13.89,9.13,7.22,88,49,69.55,1022.24,1019.01,1012.45,20,11.47,2,513,234,656,610,171,439,513,59,454,131,173,71,27,13,15,21,16,17,22,35,36,19,33,28,15,7,12,9,12,10,14,5,9
2021Y01W,17.2,23.89,13.89,2.96,17.22,11.67,5,100,44,71.49,1021.23,1014.91,1009.41,18,7.9,0,674,300,654,664,238,426,674,232,442,136,188,58,32,10,12,20,26,28,8,51,33,35,22,31,11,5,10,12,8,11,7,2,8